datahora,sac_0,sac_1,sac_2,sac_3,sac_4,sac_5,sac_6,sac_7,sac_8,sac_9,sac_10,sac_11,sac_12,sac_13,sac_14,sac_15,sac_16,sac_17,sac_18,sac_19,sac_20,sac_21,sac_22,sac_23,sac_24,sac_25,sac_26,sac_27,sac_28,sac_29,sac_30,sac_31,sac_32,sac_33,sac_34,sac_35,sac_36,sac_37,sac_38,sac_39,sac_40,sac_41,sac_42,sac_43,sac_44,sac_45,sac_46,sac_47,sac_48,sac_49,sac_50,Qmed,Q25,Q75,Qmax,Qmin
2021-08-05 18:00:00+00:00,18.860,18.860,18.858,18.862,18.860,18.875,18.856,18.863,18.857,18.859,18.862,18.860,18.861,18.858,18.858,18.861,18.859,18.862,18.860,18.857,18.859,18.858,18.857,18.856,18.863,18.859,18.857,18.859,18.860,18.866,18.858,18.857,18.856,18.868,18.857,18.866,18.861,18.867,18.858,18.868,18.857,18.862,18.861,18.859,18.860,18.858,18.865,18.867,18.857,18.864,18.857,18.860,18.858,18.862,18.875,18.856
2021-08-06 00:00:00+00:00,18.729,18.728,18.723,18.737,18.729,18.767,18.720,18.741,18.722,18.725,18.735,18.731,18.729,18.724,18.728,18.730,18.727,18.733,18.730,18.722,18.726,18.725,18.726,18.720,18.736,18.730,18.722,18.729,18.729,18.744,18.723,18.723,18.720,18.747,18.722,18.746,18.732,18.748,18.724,18.749,18.723,18.734,18.731,18.728,18.730,18.723,18.740,18.748,18.723,18.738,18.720,18.729,18.723,18.734,18.767,18.720
2021-08-06 06:00:00+00:00,18.587,18.583,18.575,18.601,18.586,18.641,18.574,18.606,18.580,18.579,18.598,18.589,18.585,18.578,18.602,18.585,18.583,18.590,18.591,18.579,18.582,18.584,18.586,18.578,18.598,18.592,18.576,18.587,18.584,18.610,18.577,18.593,18.572,18.611,18.576,18.611,18.591,18.613,18.577,18.618,18.580,18.595,18.591,18.592,18.589,18.578,18.600,18.613,18.580,18.598,18.572,18.587,18.579,18.598,18.641,18.572
2021-08-06 12:00:00+00:00,18.446,18.437,18.418,18.462,18.437,18.505,18.423,18.467,18.454,18.425,18.455,18.460,18.435,18.433,18.486,18.435,18.446,18.447,18.456,18.442,18.440,18.462,18.448,18.444,18.463,18.452,18.433,18.447,18.434,18.477,18.434,18.478,18.423,18.471,18.439,18.468,18.449,18.471,18.428,18.484,18.436,18.456,18.461,18.467,18.453,18.443,18.451,18.471,18.439,18.449,18.425,18.448,18.436,18.462,18.505,18.418
2021-08-06 18:00:00+00:00,18.316,18.296,18.256,18.329,18.287,18.385,18.274,18.328,18.366,18.272,18.342,18.344,18.295,18.297,18.380,18.289,18.327,18.317,18.333,18.316,18.311,18.365,18.331,18.316,18.329,18.327,18.298,18.316,18.294,18.362,18.306,18.387,18.280,18.336,18.322,18.344,18.330,18.337,18.279,18.356,18.302,18.327,18.338,18.362,18.325,18.326,18.295,18.321,18.319,18.299,18.286,18.322,18.298,18.336,18.387,18.256
2021-08-07 00:00:00+00:00,18.191,18.156,18.097,18.196,18.134,18.299,18.125,18.186,18.310,18.118,18.267,18.229,18.162,18.163,18.283,18.147,18.208,18.192,18.217,18.193,18.186,18.282,18.235,18.183,18.191,18.208,18.170,18.181,18.162,18.266,18.219,18.328,18.135,18.205,18.213,18.230,18.223,18.205,18.133,18.231,18.181,18.201,18.227,18.273,18.199,18.221,18.139,18.165,18.211,18.149,18.153,18.196,18.163,18.223,18.328,18.097
2021-08-07 06:00:00+00:00,18.072,18.022,17.962,18.068,18.004,18.260,18.012,18.050,18.278,17.962,18.201,18.125,18.027,18.034,18.201,18.011,18.103,18.076,18.110,18.080,18.067,18.223,18.147,18.052,18.086,18.098,18.072,18.070,18.028,18.185,18.183,18.309,17.996,18.102,18.121,18.108,18.126,18.076,18.006,18.119,18.088,18.082,18.137,18.206,18.098,18.145,17.999,18.015,18.107,18.005,18.033,18.082,18.032,18.125,18.309,17.962
2021-08-07 12:00:00+00:00,17.964,17.897,17.860,17.943,17.933,18.231,17.925,17.923,18.258,17.807,18.124,18.030,17.891,17.909,18.122,17.880,18.020,17.970,18.008,17.995,17.957,18.198,18.067,17.917,18.027,17.997,18.007,17.980,17.904,18.121,18.169,18.309,17.875,18.028,18.044,17.986,18.044,17.953,17.890,18.027,18.055,17.969,18.073,18.147,18.029,18.096,17.871,17.870,18.014,17.867,17.935,17.995,17.921,18.044,18.309,17.807
2021-08-07 18:00:00+00:00,17.833,17.749,17.730,17.799,17.860,18.173,17.802,17.777,18.197,17.620,18.023,17.923,17.714,17.776,18.019,17.730,17.933,17.856,17.881,17.888,17.821,18.147,17.990,17.803,17.957,17.911,17.916,17.859,17.763,18.032,18.121,18.268,17.724,17.925,17.955,17.840,17.933,17.812,17.727,17.904,18.014,17.824,17.992,18.057,17.945,17.999,17.760,17.683,17.920,17.717,17.841,17.881,17.794,17.957,18.268,17.620
2021-08-08 00:00:00+00:00,17.753,17.655,17.635,17.707,17.818,18.214,17.723,17.698,18.175,17.487,17.979,17.880,17.579,17.707,17.966,17.641,17.913,17.798,17.832,17.826,17.738,18.125,17.977,17.772,17.930,17.924,17.867,17.778,17.677,17.999,18.102,18.272,17.613,17.874,17.939,17.749,17.859,17.731,17.601,17.818,18.002,17.722,17.950,18.006,17.901,17.922,17.718,17.541,17.905,17.626,17.812,17.818,17.716,17.930,18.272,17.487
2021-08-08 06:00:00+00:00,17.662,17.551,17.526,17.599,17.749,18.260,17.630,17.615,18.132,17.352,17.918,17.824,17.439,17.625,17.895,17.542,17.876,17.726,17.786,17.751,17.643,18.076,17.940,17.719,17.879,17.923,17.799,17.679,17.589,17.954,18.054,18.258,17.492,17.814,17.911,17.647,17.767,17.644,17.469,17.720,17.961,17.610,17.883,17.932,17.834,17.828,17.651,17.396,17.878,17.523,17.763,17.751,17.623,17.883,18.260,17.352
2021-08-08 12:00:00+00:00,17.534,17.415,17.384,17.456,17.638,18.244,17.500,17.491,18.038,17.190,17.816,17.727,17.273,17.505,17.782,17.407,17.790,17.620,17.695,17.636,17.512,17.979,17.853,17.620,17.784,17.863,17.689,17.545,17.467,17.864,17.959,18.188,17.342,17.712,17.832,17.512,17.636,17.522,17.308,17.587,17.869,17.468,17.784,17.817,17.724,17.699,17.541,17.226,17.798,17.385,17.667,17.636,17.498,17.790,18.244,17.190
2021-08-08 18:00:00+00:00,17.416,17.301,17.251,17.319,17.525,18.207,17.380,17.377,17.953,17.043,17.736,17.629,17.128,17.389,17.673,17.276,17.708,17.515,17.608,17.521,17.384,17.876,17.764,17.534,17.718,17.795,17.579,17.427,17.359,17.794,17.875,18.105,17.199,17.613,17.748,17.386,17.508,17.419,17.156,17.468,17.770,17.335,17.689,17.703,17.610,17.572,17.434,17.083,17.719,17.256,17.567,17.525,17.380,17.708,18.207,17.043
2021-08-09 00:00:00+00:00,17.304,17.201,17.124,17.185,17.411,18.153,17.267,17.268,17.880,16.907,17.667,17.526,16.996,17.274,17.564,17.148,17.626,17.407,17.521,17.407,17.257,17.768,17.671,17.456,17.672,17.723,17.469,17.319,17.261,17.732,17.793,18.011,17.063,17.516,17.660,17.262,17.381,17.325,17.013,17.357,17.665,17.206,17.590,17.587,17.495,17.447,17.328,16.957,17.640,17.132,17.463,17.411,17.262,17.626,18.153,16.907
2021-08-09 06:00:00+00:00,17.183,17.090,16.992,17.047,17.287,18.073,17.145,17.149,17.793,16.768,17.579,17.411,16.861,17.151,17.443,17.014,17.528,17.289,17.418,17.283,17.126,17.647,17.562,17.363,17.607,17.633,17.350,17.203,17.152,17.647,17.692,17.900,16.923,17.408,17.556,17.131,17.247,17.218,16.869,17.235,17.548,17.074,17.479,17.462,17.369,17.314,17.212,16.827,17.547,17.001,17.348,17.289,17.141,17.528,18.073,16.768
2021-08-09 12:00:00+00:00,17.055,16.971,16.855,16.905,17.156,17.973,17.016,17.023,17.690,16.629,17.475,17.285,16.723,17.022,17.312,16.877,17.415,17.162,17.305,17.151,16.991,17.516,17.442,17.256,17.519,17.528,17.222,17.078,17.034,17.547,17.577,17.777,16.781,17.289,17.439,16.994,17.108,17.100,16.723,17.106,17.420,16.939,17.357,17.330,17.236,17.176,17.087,16.694,17.442,16.867,17.225,17.162,17.011,17.415,17.973,16.629
2021-08-09 18:00:00+00:00,16.922,16.846,16.716,16.762,17.019,17.857,16.883,16.892,17.573,16.490,17.359,17.152,16.585,16.889,17.176,16.737,17.292,17.029,17.182,17.016,16.852,17.377,17.312,17.139,17.416,17.412,17.088,16.947,16.909,17.433,17.450,17.643,16.637,17.163,17.312,16.855,16.965,16.974,16.577,16.973,17.286,16.801,17.227,17.192,17.098,17.035,16.957,16.559,17.325,16.731,17.096,17.029,16.876,17.286,17.857,16.490
2021-08-10 00:00:00+00:00,16.785,16.716,16.575,16.617,16.879,17.728,16.746,16.756,17.445,16.351,17.234,17.014,16.445,16.752,17.035,16.596,17.161,16.891,17.052,16.877,16.711,17.232,17.176,17.014,17.301,17.285,16.949,16.812,16.780,17.308,17.315,17.501,16.494,17.030,17.178,16.713,16.820,16.843,16.431,16.835,17.146,16.660,17.091,17.050,16.955,16.890,16.822,16.423,17.199,16.593,16.961,16.890,16.739,17.146,17.728,16.351
2021-08-10 06:00:00+00:00,16.645,16.583,16.435,16.473,16.736,17.588,16.607,16.618,17.308,16.213,17.101,16.872,16.306,16.613,16.891,16.455,17.024,16.750,16.916,16.735,16.569,17.083,17.034,16.883,17.177,17.150,16.806,16.673,16.647,17.177,17.174,17.352,16.351,16.892,17.039,16.570,16.674,16.708,16.288,16.694,17.002,16.518,16.950,16.904,16.810,16.743,16.684,16.286,17.065,16.454,16.824,16.743,16.601,17.002,17.588,16.213
2021-08-10 12:00:00+00:00,16.505,16.448,16.294,16.329,16.592,17.441,16.468,16.479,17.166,16.076,16.962,16.728,16.169,16.473,16.745,16.314,16.884,16.608,16.777,16.592,16.427,16.931,16.889,16.747,17.045,17.011,16.662,16.533,16.511,17.039,17.028,17.200,16.210,16.751,16.895,16.427,16.527,16.571,16.146,16.553,16.856,16.377,16.806,16.756,16.664,16.595,16.545,16.151,16.927,16.315,16.684,16.595,16.463,16.856,17.441,16.076
2021-08-10 18:00:00+00:00,16.364,16.312,16.155,16.187,16.448,17.289,16.328,16.340,17.018,15.942,16.820,16.583,16.032,16.332,16.598,16.174,16.889,16.465,16.635,16.449,16.285,16.779,16.742,16.609,16.907,16.867,16.518,16.393,16.374,16.897,16.880,17.044,16.070,16.608,16.749,16.284,16.381,16.433,16.006,16.410,16.708,16.237,16.660,16.608,16.517,16.448,16.404,16.017,16.785,16.176,16.543,16.449,16.324,16.708,17.289,15.942
2021-08-11 00:00:00+00:00,16.223,16.176,16.017,16.047,16.304,17.140,16.189,16.250,16.868,15.809,16.675,16.437,15.898,16.193,16.451,16.036,17.440,16.322,16.492,16.306,16.144,16.625,16.594,16.469,16.766,16.721,16.377,16.253,16.237,16.753,16.729,16.887,15.933,16.465,16.604,16.143,16.236,16.294,15.870,16.268,16.559,16.098,16.514,16.460,16.371,16.302,16.264,15.884,16.640,16.039,16.401,16.306,16.186,16.559,17.440,15.809
2021-08-11 06:00:00+00:00,16.084,16.041,15.887,15.911,16.162,17.009,16.053,16.587,16.717,15.679,16.530,16.292,15.767,16.054,16.304,15.900,18.237,16.180,16.352,16.164,16.005,16.473,16.446,16.329,16.623,16.574,16.386,16.114,16.101,16.606,16.579,16.729,15.799,16.321,16.474,16.004,16.093,16.156,15.752,16.128,16.411,15.961,16.728,16.312,16.226,16.158,16.125,15.754,16.495,15.904,16.259,16.180,16.050,16.473,18.237,15.679
2021-08-11 12:00:00+00:00,15.949,15.908,15.969,15.780,16.021,16.908,15.964,17.414,16.565,15.553,16.615,16.150,15.638,15.918,16.159,15.788,18.879,16.040,16.223,16.024,15.869,16.323,16.298,16.189,16.478,16.426,16.655,16.084,15.968,16.459,16.428,16.572,15.714,16.178,16.373,15.867,15.953,16.019,15.657,15.989,16.264,15.826,17.734,16.167,16.092,16.015,15.988,15.626,16.350,15.772,16.118,16.084,15.941,16.350,18.879,15.553
2021-08-11 18:00:00+00:00,15.818,15.776,16.559,15.652,15.883,16.878,16.037,18.310,16.415,15.494,16.927,16.017,15.512,15.784,16.017,15.708,19.359,15.902,16.104,15.886,15.735,16.191,16.179,16.050,16.333,16.287,17.030,16.227,15.842,16.315,16.280,16.416,15.867,16.062,16.332,15.733,15.915,15.904,15.632,15.852,16.118,15.693,18.970,16.023,16.098,15.877,15.852,15.511,16.208,15.642,15.979,16.017,15.836,16.280,19.359,15.494
2021-08-12 00:00:00+00:00,15.710,15.659,18.064,15.528,15.750,16.938,16.185,19.049,16.272,15.710,17.256,16.015,15.389,15.664,15.912,15.743,19.701,15.807,16.000,15.750,15.606,16.139,16.476,15.913,16.199,16.155,17.376,16.463,15.739,16.191,16.155,16.271,16.359,16.030,16.617,15.625,16.231,15.937,15.701,15.747,16.000,15.571,19.940,15.886,16.475,15.767,15.764,15.413,16.097,15.530,15.842,16.000,15.742,16.271,19.940,15.389
2021-08-12 06:00:00+00:00,15.635,15.570,20.009,15.406,15.631,17.015,16.476,19.627,16.184,16.084,17.539,16.544,15.269,15.591,15.870,15.940,19.931,16.133,15.922,15.618,15.491,16.215,17.332,15.778,16.145,16.043,17.687,16.722,15.673,16.124,16.072,16.144,16.948,16.139,17.333,15.666,17.275,16.263,15.798,16.130,15.935,15.473,20.715,15.773,17.344,15.691,15.778,15.328,16.029,15.448,15.708,16.072,15.687,16.544,20.715,15.269
2021-08-12 12:00:00+00:00,15.707,15.510,22.300,15.310,15.522,17.075,16.858,20.069,16.293,16.504,17.776,17.328,15.153,15.555,16.384,16.214,20.071,16.704,15.874,15.666,15.392,16.336,18.287,15.666,16.764,15.976,17.983,16.954,15.990,16.117,16.051,16.033,17.428,16.335,18.190,15.894,18.617,17.060,15.950,17.120,15.910,15.712,21.353,15.681,18.305,15.649,16.264,15.250,16.290,15.385,15.583,16.264,15.701,17.075,22.300,15.153
2021-08-12 18:00:00+00:00,16.036,15.641,24.686,15.470,15.417,17.113,17.179,20.394,16.664,16.977,17.963,17.994,15.042,15.600,17.724,16.502,20.137,17.171,15.871,16.403,15.299,16.444,19.064,15.904,18.684,15.981,18.226,17.131,16.938,16.368,16.330,15.926,17.791,16.538,18.964,16.189,19.750,18.336,16.256,18.152,15.897,16.118,21.865,15.592,19.083,15.640,17.466,15.174,16.883,15.352,15.463,16.538,15.902,17.963,24.686,15.042
2021-08-13 00:00:00+00:00,16.791,16.416,27.979,16.322,15.584,17.465,17.425,20.618,17.237,17.404,18.091,18.607,15.028,15.823,20.987,16.779,20.140,17.538,15.992,17.466,15.257,16.547,19.746,17.186,22.246,16.007,18.386,17.273,18.856,17.130,17.582,15.871,18.081,16.759,19.696,16.631,20.673,19.750,16.879,18.951,15.933,16.444,22.269,15.497,19.708,15.734,19.442,15.169,17.988,15.359,15.348,17.273,16.243,18.856,27.979,15.028
2021-08-13 06:00:00+00:00,18.712,18.203,29.826,17.640,16.679,18.064,17.598,20.754,18.381,17.748,18.163,19.434,15.516,16.671,29.222,17.113,20.093,17.881,17.248,18.351,15.274,16.710,20.544,19.704,30.076,16.017,18.476,17.409,23.324,19.109,19.317,16.238,18.333,16.980,20.401,17.281,21.400,21.005,18.439,19.593,16.043,16.744,22.711,15.399,20.181,16.218,21.739,15.573,20.120,15.427,15.264,18.203,16.735,20.093,30.076,15.264
2021-08-13 12:00:00+00:00,21.468,20.729,32.336,18.855,18.246,18.559,17.723,21.404,19.863,18.005,18.254,20.275,16.349,18.471,36.720,18.159,20.004,18.213,19.217,19.115,16.292,17.419,21.305,22.299,36.718,16.007,18.512,17.516,30.215,21.855,20.765,17.146,18.547,17.171,21.019,17.940,22.018,22.014,20.399,20.135,16.402,17.046,23.152,15.323,20.516,17.145,23.736,16.189,22.432,15.740,15.243,18.855,17.492,21.305,36.720,15.243
2021-08-13 18:00:00+00:00,24.272,23.119,36.982,19.863,19.702,18.907,17.813,22.893,21.144,18.208,18.338,20.898,17.080,21.198,41.754,20.102,19.880,18.476,21.057,19.800,17.856,18.952,21.866,25.420,41.825,15.974,18.505,17.616,35.039,24.715,21.874,18.166,18.715,17.471,21.499,18.672,22.548,22.797,21.985,20.554,17.486,17.340,23.478,15.536,20.766,18.529,26.010,16.691,24.936,16.282,15.291,19.880,18.197,22.548,41.825,15.291
2021-08-14 00:00:00+00:00,27.449,25.888,43.598,20.700,21.007,19.143,17.861,24.484,22.155,18.383,18.364,21.366,17.633,24.833,44.731,22.056,19.728,18.664,22.770,20.362,19.092,21.646,22.274,27.026,47.289,15.925,18.492,17.882,37.614,27.368,22.707,19.007,18.823,17.878,21.826,19.597,22.932,23.406,23.201,20.845,19.383,17.586,23.708,16.869,21.020,20.148,27.217,17.086,26.370,17.195,15.406,21.007,18.621,23.406,47.289,15.406
2021-08-14 06:00:00+00:00,29.168,27.344,48.772,21.390,22.068,19.290,17.865,25.694,22.948,18.535,18.345,21.702,18.051,28.353,46.983,23.572,19.556,18.788,24.310,20.816,20.068,26.055,22.568,28.271,53.047,15.949,18.479,18.206,39.606,28.743,23.318,19.652,18.869,18.275,22.031,20.478,23.174,23.893,24.123,21.041,21.855,17.765,23.849,18.939,21.277,21.614,28.147,17.393,27.490,18.216,15.598,21.702,18.848,24.310,53.047,15.598
2021-08-14 12:00:00+00:00,30.646,28.457,52.622,21.930,22.879,19.364,17.832,26.739,23.549,18.659,18.289,21.922,18.366,30.636,48.645,24.738,19.370,18.849,25.578,21.231,20.821,31.919,22.784,29.201,57.478,16.307,18.471,18.437,41.087,29.770,23.747,20.142,18.864,18.705,22.135,21.147,23.300,24.285,24.804,21.165,24.243,17.877,23.894,20.844,21.521,22.773,28.826,17.634,28.317,19.006,15.802,22.135,18.970,25.578,57.478,15.802
2021-08-14 18:00:00+00:00,31.829,29.316,55.298,22.304,23.517,19.378,17.769,27.355,23.982,18.770,18.204,22.047,18.594,32.106,49.837,25.650,19.170,18.859,26.910,21.595,21.380,37.443,22.980,29.857,60.395,17.561,18.527,18.642,42.149,30.508,24.026,20.511,18.818,19.272,22.157,21.632,23.331,24.556,25.299,21.221,27.503,17.932,23.852,22.565,21.800,23.640,29.308,17.822,28.896,19.594,15.962,22.565,19.246,27.355,60.395,15.962
2021-08-15 00:00:00+00:00,32.670,29.970,57.268,22.545,24.024,19.343,17.683,27.758,24.295,18.847,18.094,22.123,18.749,33.165,50.637,26.326,18.958,18.827,28.123,21.856,21.779,42.111,23.161,30.287,62.279,19.142,18.653,18.819,42.860,31.008,24.180,20.770,18.738,19.895,22.114,21.974,23.284,24.700,25.651,21.222,29.025,17.939,23.739,24.387,22.073,24.275,29.618,17.949,29.308,20.029,16.086,23.161,19.293,28.123,62.279,16.086
2021-08-15 06:00:00+00:00,33.301,30.430,58.889,22.678,24.381,19.267,17.579,27.986,24.541,18.876,17.965,22.165,18.865,33.913,51.089,26.806,18.738,18.762,29.403,22.006,22.052,45.538,23.298,30.527,63.544,20.388,18.758,18.930,43.271,31.309,24.229,20.937,18.647,20.738,22.053,22.214,23.171,24.747,25.876,21.174,30.171,17.916,23.568,26.159,22.283,24.741,29.780,18.017,29.618,20.360,16.174,23.171,20.087,29.403,63.544,16.174
2021-08-15 12:00:00+00:00,33.723,30.718,60.414,22.744,24.593,19.158,17.473,28.070,24.726,18.879,17.829,22.169,18.967,34.401,51.236,27.113,18.513,18.669,31.081,22.063,22.235,47.641,23.377,30.610,64.287,21.345,18.798,18.976,43.428,31.438,24.192,21.036,18.544,22.223,21.997,22.365,23.004,24.723,26.005,21.080,31.014,17.962,23.353,28.514,22.434,25.104,29.884,18.035,29.813,20.653,16.225,23.004,20.279,29.813,64.287,16.225
2021-08-15 18:00:00+00:00,34.042,30.851,61.202,22.775,24.687,19.022,17.435,28.034,24.832,18.854,17.690,22.129,19.047,34.667,51.131,27.280,18.285,18.549,32.203,22.043,22.342,49.184,23.391,30.560,64.593,22.063,18.793,18.968,43.372,31.422,24.081,21.071,18.416,23.873,21.924,22.424,22.794,24.629,26.074,20.945,31.640,18.073,23.109,30.093,22.602,25.436,29.974,18.012,29.885,20.956,16.242,23.109,20.470,29.974,64.593,16.242
2021-08-16 00:00:00+00:00,34.266,30.932,61.466,22.783,24.720,18.864,17.476,27.922,24.873,18.793,17.551,22.053,19.091,34.747,50.817,27.347,18.055,18.407,32.766,21.961,22.371,50.298,23.348,30.402,64.552,22.584,18.751,18.917,43.137,31.287,23.913,21.060,18.269,25.365,22.050,22.410,22.549,24.465,26.255,20.776,32.072,18.147,22.844,31.107,22.804,25.710,29.999,17.954,29.840,21.246,16.231,22.844,20.354,29.999,64.552,16.231
2021-08-16 06:00:00+00:00,34.511,30.956,61.393,22.797,24.712,18.689,17.509,27.782,24.867,18.704,17.417,21.941,19.098,34.676,50.325,27.337,17.827,18.248,33.114,21.828,22.339,51.024,23.251,30.155,64.240,22.944,18.674,18.833,42.755,31.066,23.697,21.012,18.109,26.582,22.342,22.347,22.279,24.248,26.677,20.584,32.307,18.167,22.563,31.819,22.969,25.920,29.956,17.869,29.695,21.490,16.199,22.969,20.213,29.956,64.240,16.199
2021-08-16 12:00:00+00:00,34.729,30.863,61.059,22.825,24.680,18.502,17.500,27.598,24.807,18.590,17.283,21.788,19.081,34.477,49.690,27.300,17.604,18.076,33.308,21.653,22.288,51.392,23.104,29.842,63.736,23.169,18.569,18.723,42.255,30.774,23.444,20.921,17.939,27.834,22.586,22.239,21.993,23.990,27.080,20.517,32.374,18.147,22.304,32.309,23.076,26.095,29.844,17.761,29.843,21.666,16.158,23.104,20.158,29.843,63.736,16.158
2021-08-16 18:00:00+00:00,34.876,30.694,60.531,22.892,24.598,18.304,17.459,27.349,24.679,18.452,17.146,21.598,19.100,34.171,48.937,27.311,17.386,17.894,33.430,21.448,22.232,51.463,22.912,29.484,63.082,23.281,18.438,18.591,41.660,30.443,23.159,20.852,17.759,28.711,22.782,22.084,21.691,23.697,27.410,20.681,32.332,18.088,22.061,32.597,23.189,26.215,29.656,17.675,32.559,21.757,16.106,23.159,20.286,29.656,63.082,16.106
2021-08-17 00:00:00+00:00,34.765,30.497,59.846,22.960,24.451,18.099,17.400,27.047,24.494,18.297,17.182,21.377,19.137,33.778,48.090,27.455,17.169,17.705,33.505,21.222,22.155,51.340,22.679,29.107,62.312,23.301,18.351,18.439,41.085,30.081,22.851,20.800,17.572,29.257,22.965,21.900,21.375,23.374,27.707,20.880,32.202,18.014,21.820,32.722,23.293,26.281,29.407,17.595,37.994,21.779,16.043,22.965,20.385,29.407,62.312,16.043
2021-08-17 06:00:00+00:00,34.530,30.305,59.040,22.981,24.260,17.888,17.322,26.701,24.771,18.437,17.939,21.132,19.199,33.313,47.170,27.703,16.976,17.511,33.470,20.986,22.037,51.103,22.414,28.714,61.511,23.242,18.279,18.314,40.581,29.674,22.529,20.719,17.387,29.597,23.164,21.748,21.051,23.030,27.871,20.973,31.984,18.125,21.622,32.731,23.348,26.300,29.110,17.496,41.757,21.761,16.004,23.030,20.339,29.597,61.511,16.004
2021-08-17 12:00:00+00:00,34.190,30.083,58.151,22.949,24.039,17.684,17.226,26.314,25.256,19.112,19.038,20.869,19.318,32.793,46.193,27.951,16.811,17.316,33.332,20.757,21.880,50.765,22.124,28.292,60.743,23.121,18.172,18.199,40.096,29.239,22.199,20.598,17.223,29.760,23.377,21.671,20.720,22.703,27.901,20.979,31.693,18.693,21.480,32.661,23.380,26.262,28.787,17.396,43.751,21.738,16.377,22.949,20.278,29.239,60.743,16.377
2021-08-17 18:00:00+00:00,33.763,29.845,57.173,22.863,23.785,17.514,17.116,25.897,25.517,20.278,20.032,20.592,19.469,32.229,45.175,28.141,16.653,17.118,33.131,20.577,21.691,50.281,21.814,27.856,60.015,22.948,18.040,18.057,39.877,28.798,21.858,20.441,17.721,29.776,23.556,21.650,20.392,22.466,27.857,20.920,31.339,19.579,21.337,32.578,23.428,26.169,28.458,17.307,45.414,21.833,16.987,22.863,20.364,28.798,60.015,16.653
2021-08-18 00:00:00+00:00,33.271,29.626,56.105,22.725,23.494,17.353,17.000,25.461,25.624,21.418,20.882,20.304,19.621,31.631,44.128,28.234,16.488,16.920,32.857,20.418,21.472,49.642,21.490,27.436,59.216,22.731,17.890,17.898,39.829,28.383,21.509,20.259,18.568,29.672,23.670,21.613,20.074,22.664,27.737,20.808,30.929,20.387,21.181,32.501,23.451,26.025,28.110,17.222,46.330,22.039,17.577,22.725,20.366,28.383,59.216,16.488
2021-08-18 06:00:00+00:00,32.726,29.362,54.969,22.558,23.174,17.181,17.035,25.013,25.612,22.239,21.519,20.007,19.732,31.017,43.064,28.236,16.326,16.723,32.517,20.241,21.234,48.883,21.159,27.031,58.270,22.481,17.744,17.728,39.682,28.014,21.197,20.054,19.184,29.469,23.705,21.527,19.776,23.070,27.526,20.655,30.474,20.975,21.006,32.359,23.437,25.829,27.725,17.131,46.884,22.245,18.109,22.558,20.195,28.236,58.270,16.326
2021-08-18 12:00:00+00:00,32.146,29.025,53.812,22.379,22.833,17.001,17.529,24.567,25.505,22.828,21.972,19.706,19.775,30.395,41.992,28.184,16.175,16.527,32.140,20.053,20.979,48.027,20.826,26.612,57.197,22.203,17.608,17.551,39.420,27.654,20.907,19.831,19.619,29.184,23.884,21.403,19.494,23.318,27.244,20.469,29.980,21.386,20.802,32.123,23.421,25.586,27.300,17.030,47.127,22.471,18.525,22.828,19.998,28.184,57.197,16.175
2021-08-18 18:00:00+00:00,31.538,28.651,52.694,22.174,22.476,16.817,18.627,24.136,25.322,23.236,22.310,19.403,19.760,29.763,40.922,28.189,16.034,16.334,31.717,19.857,20.706,47.098,20.522,26.212,56.029,21.903,17.465,17.374,39.074,27.261,20.616,19.679,19.931,28.834,24.291,21.258,19.242,23.513,26.905,20.257,29.454,21.656,20.578,31.826,23.442,25.294,26.843,16.923,47.114,22.696,18.933,22.696,19.913,28.189,56.029,16.034
2021-08-19 00:00:00+00:00,30.908,28.252,51.562,21.938,22.109,16.633,20.602,23.712,25.078,23.496,22.553,19.101,19.697,29.123,39.859,28.183,15.900,16.144,31.237,19.647,20.418,46.114,20.299,25.814,54.791,21.586,17.310,17.331,38.662,26.834,20.323,19.584,20.148,28.430,24.647,21.102,19.009,23.672,26.521,20.024,28.901,21.812,20.338,31.464,23.445,24.959,26.363,16.808,46.888,22.902,19.351,22.902,20.117,28.183,54.791,15.900
2021-08-19 06:00:00+00:00,30.236,27.808,50.345,21.654,21.707,16.425,22.667,23.256,24.759,23.638,22.664,18.774,19.568,28.454,38.781,28.054,15.741,15.932,30.688,19.396,20.096,45.061,20.263,25.367,53.478,21.232,17.118,17.323,38.156,26.355,19.999,19.437,20.331,27.959,24.802,20.897,18.746,23.730,26.076,19.751,28.304,21.866,20.074,31.015,23.405,24.565,25.845,16.663,46.462,23.042,19.725,23.042,19.937,27.808,53.478,15.741
2021-08-19 12:00:00+00:00,29.579,27.364,49.117,21.376,21.361,16.256,24.812,22.819,24.428,23.968,22.705,18.475,19.432,27.812,37.741,27.863,15.605,15.748,30.130,19.157,19.791,44.002,20.319,24.930,52.172,20.893,16.943,17.284,37.599,25.881,19.694,19.277,20.642,27.481,24.852,20.688,18.507,23.734,25.629,19.489,27.719,21.885,19.837,30.542,23.384,24.170,25.342,16.536,45.918,23.134,20.085,23.134,19.767,27.364,52.172,15.605
2021-08-19 18:00:00+00:00,28.922,26.894,47.872,21.086,21.034,16.098,26.037,22.384,24.071,24.327,22.669,18.184,19.272,27.178,36.724,27.595,15.469,15.572,29.548,18.912,19.486,42.927,20.291,24.487,50.856,20.553,16.767,17.213,36.976,25.398,19.391,19.094,20.928,26.982,24.803,20.457,18.268,23.661,25.165,19.224,27.132,21.841,19.592,30.030,23.305,23.761,24.837,16.403,45.261,23.147,20.348,23.147,19.463,26.894,50.856,15.469
