data,Q_obs,pme,etp,MGB,SAC,GR4,HYMOD,SMAP,IPH2
2017-01-01,85.04,12.9,4.546,2.18,419.027,363.938,110.442,60.326,2.761
2017-01-02,71.0,4.57,5.302,8.05,416.775,306.664,109.297,61.268,5.135
2017-01-03,55.42,2.89,4.887,7.39,396.412,249.829,106.44,59.656,4.764
2017-01-04,54.09,9.19,4.789,27.43,373.143,208.763,105.355,60.423,6.007
2017-01-05,198.32,33.82,5.104,56.88,358.762,206.729,142.959,106.924,33.132
2017-01-06,258.58,37.31,4.897,66.23,349.664,301.117,201.856,182.525,83.944
2017-01-07,260.36,6.47,4.886,52.73,331.218,412.215,216.553,198.146,102.297
2017-01-08,238.54,8.44,4.798,39.85,310.131,332.028,212.379,190.259,91.771
2017-01-09,201.65,4.43,5.055,34.51,288.318,264.824,196.194,171.147,81.512
2017-01-10,166.18,5.1,3.906,25.78,267.639,217.233,176.617,150.114,70.124
2017-01-11,150.37,6.26,4.09,27.29,249.106,190.131,158.403,131.427,62.534
2017-01-12,143.84,0.86,4.31,22.22,230.591,172.997,141.684,113.722,55.664
2017-01-13,115.21,0.0,4.568,15.07,212.82,151.494,127.607,98.274,47.948
2017-01-14,91.34,0.0,4.969,12.66,196.546,132.877,116.162,85.337,41.479
2017-01-15,76.27,0.01,4.377,11.1,181.902,118.937,107.001,74.718,36.056
2017-01-16,66.12,0.35,4.752,9.88,168.929,107.793,99.668,66.088,31.512
2017-01-17,66.74,3.83,5.54,11.15,158.634,98.47,94.237,59.627,27.712
2017-01-18,55.81,0.7,4.736,9.81,148.9,90.575,89.47,54.101,24.534
2017-01-19,49.37,1.73,4.617,8.38,140.193,83.8,85.377,49.489,21.881
2017-01-20,45.7,0.23,4.754,7.46,131.905,77.928,81.636,45.591,19.666
2017-01-21,41.59,1.34,5.339,7.8,124.595,72.795,78.264,42.302,17.82
2017-01-22,40.84,10.48,4.94,19.67,121.324,68.656,79.049,44.092,16.288
2017-01-23,53.22,1.89,4.207,19.73,116.741,66.137,77.471,43.088,15.021
2017-01-24,50.81,1.14,3.678,22.53,111.261,62.409,74.94,40.916,13.976
2017-01-25,56.42,32.67,3.917,58.7,116.975,63.967,110.295,81.838,29.495
2017-01-26,68.68,7.0,4.476,60.78,117.354,84.46,121.078,93.84,44.915
2017-01-27,68.06,0.3,4.5,34.4,112.574,83.235,120.22,90.913,41.588
2017-01-28,49.57,3.73,4.239,20.59,107.483,69.894,113.24,82.945,36.523
2017-01-29,42.73,2.18,4.407,15.72,102.134,62.616,103.594,73.52,32.275
2017-01-30,39.62,4.35,4.271,15.4,97.595,58.972,94.398,65.114,28.717
2017-01-31,40.3,17.12,4.074,30.21,98.645,59.738,96.328,70.45,31.351
2017-02-01,52.83,3.57,4.289,27.06,96.661,72.065,92.778,67.953,33.602
2017-02-03,54.19,8.27,4.818,30.45,97.512,69.472,89.753,65.174,32.396
2017-02-04,61.86,2.32,4.818,26.1,93.767,64.855,84.495,59.69,31.404
2017-02-05,50.55,3.9,4.312,20.92,91.729,60.13,79.129,54.099,28.114
2017-02-06,39.71,0.0,4.801,18.32,86.551,55.316,73.562,48.518,25.36
2017-02-07,34.12,0.11,4.798,13.21,81.272,52.206,68.431,43.48,23.056
2017-02-08,30.74,3.16,5.447,11.28,77.457,49.767,64.281,39.45,21.128
2017-02-09,29.82,0.49,4.574,10.08,73.551,47.555,60.534,35.904,19.513
2017-02-10,28.27,0.29,4.468,9.16,69.702,45.536,57.25,32.865,18.161
2017-02-11,26.55,14.58,5.248,20.41,71.223,44.712,62.008,39.03,17.035
2017-02-12,30.67,16.78,4.577,35.69,75.718,49.559,72.021,51.352,25.312
2017-02-13,64.38,27.28,3.758,65.75,100.437,65.954,100.107,85.166,53.643
2017-02-14,135.71,15.17,3.254,73.67,132.776,103.579,114.4,102.664,79.177
2017-02-15,111.97,0.99,3.606,46.18,140.401,119.165,113.759,100.523,79.44
2017-02-16,69.61,0.1,3.609,27.65,133.57,96.688,105.881,90.913,68.893
2017-02-17,52.2,2.95,4.448,23.04,123.453,78.294,95.525,79.78,60.019
2017-02-18,47.28,1.76,4.29,20.19,113.191,71.231,85.085,69.087,52.556
2017-02-19,43.03,0.22,3.943,17.51,103.026,66.947,75.807,59.681,46.278
2017-02-20,36.7,0.14,3.607,15.79,93.563,63.091,68.133,51.794,40.995
2017-02-21,34.08,0.0,3.562,14.43,85.247,59.626,61.998,45.345,36.551
2017-02-22,32.07,0.04,3.763,13.27,78.056,56.512,57.15,40.135,32.811
2017-02-23,31.39,15.29,3.811,36.93,77.262,55.574,61.706,46.247,29.765
2017-02-24,38.11,8.02,3.703,55.27,76.639,61.542,63.581,48.717,31.124
2017-02-25,46.93,4.92,4.222,46.15,74.601,62.9,62.972,47.593,32.828
2017-02-26,53.65,0.86,4.334,27.77,70.75,57.547,60.148,44.196,30.368
2017-02-27,46.44,2.19,4.347,20.17,67.028,52.434,56.588,40.357,27.675
2017-02-28,39.93,24.12,4.667,75.36,74.573,54.494,73.728,62.274,37.949
2017-03-01,137.13,22.59,4.153,114.87,104.377,81.659,95.219,90.742,63.353
2017-03-02,141.43,9.7,4.251,94.05,125.123,115.182,102.26,99.071,77.231
2017-03-03,113.42,6.53,4.637,75.94,127.949,113.07,100.478,95.884,73.978
2017-03-04,91.27,1.2,4.08,56.47,121.792,95.989,92.806,86.505,66.32
2017-03-05,92.74,4.78,4.038,48.09,114.227,83.026,84.047,76.754,58.166
2017-03-06,87.56,0.77,4.087,42.65,104.416,76.736,75.011,66.991,51.307
2017-03-08,53.31,0.04,4.306,34.78,94.635,71.609,66.979,58.282,45.538
2017-03-09,50.17,5.73,4.051,43.67,87.673,67.298,61.474,52.344,40.69
2017-03-10,54.81,1.63,4.165,39.91,81.026,65.364,56.572,46.799,36.616
2017-03-11,50.4,0.3,3.988,32.32,74.26,61.782,52.391,41.927,33.189
2017-03-12,41.75,14.35,3.723,50.04,73.147,60.431,56.257,47.323,30.312
2017-03-13,71.05,0.17,3.684,47.7,69.651,68.063,55.631,46.727,27.898
2017-03-14,58.0,0.04,3.652,33.37,64.925,64.467,53.426,43.743,25.874
2017-03-15,43.9,0.17,4.201,28.98,60.383,56.945,50.359,40.128,24.177
2017-03-16,39.98,6.38,3.712,30.02,58.492,53.546,48.559,38.301,22.757
2017-03-17,41.7,3.14,3.359,30.37,56.701,52.718,46.309,36.027,21.568
2017-03-18,41.72,1.12,3.681,25.79,54.191,50.328,43.808,33.483,20.576
2017-03-19,37.75,0.13,4.248,22.39,51.262,47.434,41.306,31.057,19.739
2017-03-20,34.43,0.0,4.146,20.48,48.373,45.267,38.965,28.883,19.034
2017-03-21,30.96,0.06,3.516,18.91,45.708,43.432,36.854,26.99,18.438
2017-03-22,28.02,0.0,3.049,17.54,43.362,41.743,34.981,25.364,17.935
2017-03-23,26.33,0.22,3.279,16.32,41.389,40.181,33.323,23.968,17.509
2017-03-24,25.38,15.06,2.608,54.11,44.956,39.683,39.998,31.986,18.129
2017-03-25,41.42,0.18,3.883,57.46,45.263,42.085,41.261,33.647,18.655
2017-03-26,34.75,0.19,3.751,29.53,43.66,40.556,40.399,32.513,18.127
2017-03-27,27.9,0.18,3.767,22.32,41.619,37.36,38.278,30.377,17.684
2017-03-28,25.21,0.86,3.451,20.43,39.989,35.686,35.736,28.043,17.309
2017-03-29,23.65,0.3,3.098,18.71,38.43,34.541,33.219,25.85,16.989
2017-03-30,23.08,0.01,3.3,16.44,36.874,33.469,30.95,23.908,16.713
2017-03-31,21.44,0.02,3.216,15.13,35.411,32.463,28.992,22.226,16.475
2017-04-01,20.1,0.03,3.025,14.13,34.112,31.517,27.325,20.781,16.268
2017-04-02,19.14,0.0,2.937,13.29,32.951,30.626,25.9,19.537,16.087
2017-04-03,18.5,0.08,3.077,12.57,31.928,29.786,24.665,18.458,15.927
2017-04-04,18.09,2.82,2.835,15.94,32.015,28.992,23.86,17.704,15.788
2017-04-05,22.3,28.81,3.031,42.89,41.713,30.284,52.86,47.658,28.727
2017-04-06,47.78,2.68,3.057,37.74,45.291,37.728,61.768,55.782,39.653
2017-04-07,43.89,0.04,3.092,20.25,44.412,36.559,62.322,54.203,35.821
2017-04-08,30.52,0.05,2.935,16.25,42.248,31.215,57.908,49.023,32.59
2017-04-09,22.64,0.03,2.534,14.32,39.793,29.326,51.596,43.014,29.866
2017-04-10,20.28,1.34,2.575,14.16,37.845,28.55,45.312,37.36,27.567
2017-04-11,19.72,3.98,3.704,15.27,37.206,27.845,40.361,32.937,25.628
2017-04-12,18.63,0.07,3.467,14.06,35.739,27.251,36.048,28.98,23.989
2017-04-13,17.53,0.28,3.621,12.1,34.029,26.589,32.546,25.605,22.6
2017-04-14,16.16,0.0,2.989,11.24,32.331,25.907,29.743,22.798,21.422
2017-04-15,15.01,0.0,2.451,10.63,30.767,25.297,27.508,20.492,20.421
2017-04-16,14.61,1.48,2.537,10.15,29.906,24.729,25.791,18.631,19.572
2017-04-17,14.58,0.03,3.093,9.74,28.886,24.189,24.346,17.099,18.848
2017-04-18,15.08,0.0,2.802,9.38,27.775,23.673,23.115,15.821,18.228
2017-04-19,14.26,0.0,2.876,9.05,26.809,23.18,22.042,14.748,17.696
2017-04-20,13.48,5.43,3.219,18.0,27.864,22.754,22.144,14.772,17.242
2017-04-21,15.43,9.33,2.421,27.29,31.048,22.764,24.742,17.359,16.853
2017-04-22,18.22,2.94,2.966,21.81,32.449,23.427,25.296,17.814,16.52
2017-04-23,16.17,0.0,2.611,13.52,31.807,22.837,24.66,17.119,16.234
2017-04-24,13.97,0.0,2.922,11.2,30.475,21.715,23.398,16.021,15.986
2017-04-25,12.84,0.07,2.683,10.1,29.051,21.149,21.92,14.858,15.773
2017-04-26,24.75,27.04,2.838,40.69,37.221,23.287,46.803,40.299,28.077
2017-04-27,49.83,0.01,2.761,39.35,39.196,32.999,53.901,46.843,38.464
2017-04-28,32.84,0.0,2.533,19.28,37.672,32.073,53.953,45.198,34.747
2017-04-29,23.38,0.0,2.876,14.68,35.369,25.47,49.822,40.57,31.611
2017-04-30,18.01,0.0,2.694,12.65,32.882,23.508,44.153,35.302,28.964
2017-05-01,15.55,0.0,2.525,11.5,30.642,23.012,38.531,30.369,26.726
2017-05-02,15.18,1.13,2.648,11.26,29.044,22.541,33.711,26.117,24.834
2017-05-03,15.03,0.11,2.378,10.74,27.475,22.094,29.799,22.589,23.232
2017-05-04,15.72,10.3,2.124,21.1,29.611,22.373,30.557,23.636,21.878
2017-05-05,18.53,1.61,1.965,20.35,30.075,24.72,29.509,22.547,20.731
2017-05-06,19.81,0.0,2.458,13.09,28.948,24.178,27.881,20.666,19.761
2017-05-07,23.34,0.0,2.668,11.25,27.438,22.071,25.984,18.669,18.94
2017-05-08,20.66,0.0,2.213,10.37,25.927,21.258,24.101,16.834,18.243
2017-05-09,16.76,0.07,2.596,9.83,24.563,20.862,22.393,15.252,17.648
2017-05-10,15.42,0.01,2.232,9.43,23.342,20.483,20.915,13.923,17.139
2017-05-11,13.54,0.01,2.535,9.12,22.268,20.119,19.659,12.822,16.701
2017-05-12,13.22,0.0,2.525,8.86,21.342,19.77,18.592,11.909,16.323
2017-05-13,13.32,0.59,2.319,24.84,20.752,19.435,17.686,11.146,15.996
2017-05-14,16.9,16.28,2.397,23.16,25.886,20.012,26.421,20.194,17.988
2017-05-15,17.78,0.0,2.303,13.23,27.216,23.212,28.744,22.459,19.665
2017-05-16,15.41,0.01,1.874,11.08,26.411,22.715,28.517,21.754,18.803
2017-05-17,13.63,0.0,2.135,10.09,25.142,20.15,26.765,19.973,18.072
2017-05-18,15.17,30.63,2.213,63.2,35.143,23.889,58.241,52.589,37.5
2017-05-19,165.46,55.7,1.955,125.93,109.83,62.956,178.731,176.575,145.345
2017-05-20,197.98,0.97,1.041,90.59,148.502,167.898,213.994,206.205,216.292
2017-05-21,127.11,7.63,1.799,65.84,150.717,150.764,215.396,198.736,189.941
2017-05-22,107.75,0.62,2.241,56.37,141.305,113.696,195.083,175.067,167.734
2017-05-23,78.18,3.1,1.764,45.79,129.091,96.744,167.619,148.212,143.798
2017-05-24,66.54,4.14,1.898,46.05,116.712,89.794,141.014,123.679,125.394
2017-05-25,71.96,0.04,2.195,40.25,103.486,88.033,117.92,102.199,109.884
2017-05-26,61.95,0.69,1.915,38.0,92.3,81.241,99.518,84.348,95.039
2017-05-27,62.73,12.48,2.443,117.83,89.1,79.061,91.075,77.955,88.564
2017-05-28,218.21,43.15,2.168,168.99,145.061,120.478,149.542,158.708,156.688
2017-05-29,263.43,2.11,2.061,126.41,171.124,243.716,163.634,175.009,208.179
2017-05-30,213.31,11.47,1.857,123.23,172.616,219.025,164.988,172.805,186.78
2017-05-31,262.26,40.52,2.264,241.62,223.135,235.485,212.221,254.082,243.998
2017-06-01,372.14,5.25,1.923,234.57,246.3,388.22,215.491,262.618,286.587
2017-06-02,343.85,0.24,2.104,143.67,232.032,330.241,201.714,239.76,247.247
2017-06-03,278.26,0.18,1.935,114.27,207.984,243.224,179.95,207.435,211.073
2017-06-04,208.29,1.92,1.753,122.47,183.176,196.641,157.112,175.375,180.583
2017-06-05,182.31,15.35,1.771,120.34,173.556,181.434,145.044,165.143,167.502
2017-06-06,162.34,13.22,1.571,111.77,178.702,216.974,137.102,161.573,175.325
2017-06-07,155.21,2.41,1.907,102.58,172.914,234.795,126.375,146.819,169.795
2017-06-08,141.32,7.96,1.488,97.94,163.67,202.171,117.724,134.531,154.81
2017-06-09,136.74,0.42,2.005,90.68,150.467,189.911,108.273,119.386,141.738
2017-06-13,68.92,0.1,1.738,61.55,136.206,164.399,99.49,104.801,122.25
2017-06-14,66.78,0.63,1.826,58.43,120.522,140.832,91.776,92.124,105.831
2017-06-15,65.36,0.0,1.579,54.4,106.474,125.111,85.218,81.65,91.999
2017-06-16,62.45,0.0,1.589,50.69,93.814,113.252,79.729,73.219,80.348
2017-06-17,60.35,0.0,1.693,47.61,83.589,103.301,75.132,66.524,70.536
2017-06-18,58.16,0.0,1.027,44.79,74.867,94.851,71.233,61.238,62.273
2017-06-19,56.66,4.81,1.344,49.41,69.235,88.924,68.694,58.453,55.317
2017-06-20,56.86,0.69,1.653,47.11,63.846,87.816,65.997,55.666,49.463
2017-06-21,52.4,0.27,1.99,40.59,58.685,81.781,63.354,53.112,44.535
2017-06-22,48.43,0.0,1.857,37.72,54.028,74.732,60.785,50.881,40.39
2017-06-23,45.69,0.01,2.007,35.55,49.932,69.663,58.326,48.972,36.9
2017-06-24,42.53,0.0,1.802,33.68,46.303,65.537,55.998,47.338,33.96
2017-06-25,39.83,0.0,1.718,32.0,42.747,61.85,53.801,45.93,31.485
2017-06-26,37.92,0.0,1.476,30.46,40.166,58.542,51.725,44.701,29.4
2017-06-27,35.53,0.0,1.661,29.05,37.861,55.559,49.76,43.611,27.644
2017-06-28,33.82,0.0,1.782,27.74,35.442,52.856,47.893,42.621,26.164
2017-06-29,33.02,0.01,1.917,26.53,33.762,50.397,46.112,41.7,24.916
2017-06-30,31.46,0.0,1.959,25.4,32.361,48.15,44.408,40.824,23.862
2017-07-01,30.49,0.0,1.713,24.35,31.101,46.092,42.776,39.979,22.971
2017-07-02,29.59,0.0,1.621,23.38,29.957,44.2,41.208,39.157,22.218
2017-07-03,28.45,0.0,1.751,22.46,28.808,42.457,39.701,38.353,21.581
2017-07-04,27.3,0.01,1.439,21.61,27.747,40.845,38.251,37.558,21.04
2017-07-05,24.86,0.07,1.517,20.82,26.95,39.351,36.856,36.774,20.58
2017-07-06,22.97,0.0,1.354,20.07,26.146,37.963,35.512,35.997,20.189
2017-07-07,22.43,0.0,1.764,19.38,25.456,36.67,34.217,35.228,19.853
2017-07-08,22.2,0.0,1.827,18.73,24.807,35.463,32.97,34.459,19.565
2017-07-09,20.83,0.0,1.467,18.12,24.195,34.334,31.769,33.688,19.316
2017-07-10,18.12,0.01,1.631,17.55,23.624,33.275,30.612,32.922,19.099
2017-07-11,17.76,0.0,1.773,17.02,23.083,32.282,29.496,32.159,18.909
2017-07-12,19.64,0.03,2.303,16.52,22.582,31.347,28.422,31.397,18.741
2017-07-13,20.18,0.0,2.488,16.05,22.1,30.466,27.386,30.63,18.589
2017-07-14,19.75,0.06,2.165,15.61,21.646,29.634,26.389,29.858,18.451
2017-07-15,19.06,0.02,1.634,15.2,21.224,28.849,25.428,29.087,18.326
2017-07-16,18.52,0.02,2.167,14.81,20.818,28.105,24.501,28.325,18.21
2017-07-17,18.27,2.0,2.217,16.45,21.129,27.4,23.752,27.646,18.105
2017-07-18,18.37,0.79,1.643,16.24,21.266,26.731,22.961,26.93,18.008
2017-07-19,18.2,0.02,1.883,14.57,20.972,26.096,22.146,26.205,17.916
2017-07-31,13.62,0.0,2.026,11.21,20.516,25.492,21.331,25.478,17.827
2017-08-01,13.17,0.0,1.935,11.05,20.029,24.916,20.532,24.754,17.74
2017-08-02,10.99,1.47,2.209,31.36,20.069,24.367,19.838,24.067,17.658
2017-08-03,19.15,24.07,2.344,42.29,28.291,24.921,39.978,46.474,26.965
2017-08-04,32.7,0.03,2.657,28.81,30.735,28.653,45.927,52.396,34.819
2017-08-05,26.34,0.0,2.575,18.3,29.914,27.92,46.177,51.077,32.062
2017-08-06,19.81,0.0,2.62,15.26,28.295,24.871,43.011,47.062,29.732
2017-08-07,14.94,0.01,2.744,13.81,26.499,23.754,38.55,42.412,27.761
2017-08-08,11.97,4.7,2.753,19.96,26.421,23.372,34.865,38.761,26.094
2017-08-09,12.52,0.15,2.573,19.05,25.451,23.352,31.203,35.13,24.683
2017-08-10,16.55,0.0,2.628,14.25,23.998,22.871,28.045,31.848,23.482
2017-08-11,14.44,0.01,3.299,12.96,22.556,22.151,25.43,29.018,22.459
2017-08-12,13.45,0.01,3.066,12.31,21.24,21.659,23.317,26.621,21.583
2017-08-13,16.78,34.84,2.701,60.81,32.379,25.277,65.361,71.156,39.66
2017-08-14,52.57,0.43,2.684,59.4,35.688,41.31,77.954,82.577,54.918
2017-08-15,43.55,1.36,2.33,29.25,34.829,40.014,78.864,79.704,48.977
2017-08-16,28.8,0.54,2.588,21.82,32.739,29.76,72.699,71.614,43.964
2017-08-17,21.51,0.0,2.314,18.2,30.132,26.82,63.863,62.405,39.734
2017-08-18,17.7,0.01,2.707,16.47,27.539,26.172,55.01,53.784,36.163
2017-08-19,17.28,16.73,3.532,45.66,31.077,27.877,57.411,58.364,35.792
2017-08-20,75.84,40.61,2.953,93.12,72.57,49.223,113.926,125.083,98.955
2017-08-21,107.98,0.11,2.973,72.07,94.051,106.409,128.604,139.262,149.6
2017-08-22,63.18,0.0,2.888,38.45,92.447,96.056,126.471,131.266,128.857
2017-08-23,40.05,0.02,3.522,30.58,83.876,64.865,114.76,115.637,111.366
2017-08-24,30.89,0.01,3.374,26.99,74.677,55.527,99.885,98.834,96.616
2017-08-25,28.68,0.03,3.677,24.86,65.95,52.798,85.579,83.48,84.171
2017-08-26,25.46,0.0,2.336,23.37,58.1,50.317,73.439,70.41,73.671
2017-08-27,22.5,0.0,2.361,22.19,51.245,48.066,63.808,59.701,64.812
2017-08-28,20.4,0.0,3.367,21.2,45.301,46.011,56.434,51.099,57.333
2017-08-29,19.03,0.0,3.267,20.31,40.346,44.121,50.866,44.246,51.018
2017-08-30,18.11,0.0,3.578,19.51,36.176,42.378,46.646,38.808,45.682
2017-08-31,16.02,0.0,2.415,18.77,32.681,40.767,43.392,34.488,41.174
2017-09-01,15.92,0.0,2.812,18.08,29.757,39.277,40.809,31.055,37.362
2017-09-02,15.24,0.0,3.585,17.42,27.295,37.892,38.688,28.307,34.136
2017-09-03,14.97,0.0,3.699,16.81,25.246,36.603,36.881,26.079,31.403
2017-09-04,14.63,0.0,2.971,16.23,23.524,35.4,35.293,24.248,29.086
2017-09-05,14.01,0.0,2.682,15.68,22.07,34.274,33.857,22.729,27.12
2017-09-06,13.38,0.0,3.242,15.17,20.836,33.219,32.533,21.452,25.448
2017-09-07,12.73,0.0,3.607,14.69,19.674,32.229,31.293,20.355,24.024
2017-09-08,12.58,0.0,2.152,14.24,18.791,31.297,30.12,19.392,22.81
2017-09-09,12.35,0.01,2.086,13.82,18.025,30.419,29.003,18.545,21.774
2017-09-10,11.9,0.0,2.283,13.43,17.356,29.59,27.935,17.789,20.886
2017-09-11,11.11,0.0,2.848,13.06,16.767,28.807,26.911,17.101,20.122
2017-09-12,10.06,0.01,2.038,12.73,16.246,28.065,25.927,16.462,19.465
2017-09-13,9.41,0.01,1.992,12.41,15.728,27.363,24.98,15.867,18.896
2017-09-14,9.01,0.0,1.962,12.12,14.976,26.696,24.069,15.309,18.403
2017-09-15,7.93,0.03,2.445,11.84,14.681,26.062,23.191,14.78,17.972
2017-09-16,9.56,0.02,2.539,11.59,14.401,25.459,22.346,14.272,17.593
2017-09-17,10.36,0.0,2.758,11.36,14.126,24.885,21.532,13.78,17.258
2017-09-18,10.59,0.03,2.787,11.14,13.871,24.338,20.747,13.3,16.959
2017-09-19,10.12,0.0,3.085,10.94,13.619,23.815,19.991,12.831,16.691
2017-09-20,10.18,0.01,2.956,10.75,13.378,23.316,19.263,12.37,16.447
2017-09-21,10.02,0.0,3.903,10.57,13.143,22.839,18.561,11.916,16.224
2017-09-22,9.78,0.0,3.188,10.41,12.917,22.382,17.885,11.463,16.018
2017-09-23,9.53,2.41,2.984,11.26,13.551,21.945,17.442,11.133,15.829
2017-09-24,9.61,1.38,2.49,11.12,14.119,21.525,16.949,10.752,15.656
2017-09-25,9.21,0.03,2.794,10.37,14.058,21.123,16.376,10.338,15.492
2017-09-26,9.12,0.01,3.28,10.08,13.735,20.737,15.771,9.913,15.336
2017-09-27,8.92,8.66,3.562,22.3,16.404,20.379,17.859,11.923,15.191
2017-09-28,12.09,6.37,2.46,33.28,19.296,20.119,19.585,13.483,15.055
2017-09-29,17.06,18.11,2.614,55.84,25.95,20.801,31.405,24.947,26.833
2017-09-30,29.71,19.61,1.728,58.28,34.182,26.632,48.211,41.86,52.982
2017-10-01,40.14,0.61,2.206,40.17,35.355,37.61,51.99,44.75,63.157
2017-10-02,30.23,9.12,3.089,28.54,36.344,35.908,52.938,44.989,59.559
2017-10-03,22.52,0.21,3.344,22.37,34.461,33.428,48.908,41.073,56.527
2017-10-04,15.18,0.0,3.637,17.61,31.247,30.922,43.301,35.947,49.95
2017-10-05,13.25,0.0,3.139,15.58,27.931,27.103,37.625,30.926,44.401
2017-10-06,11.78,10.23,2.796,36.81,28.475,26.937,36.404,30.507,39.718
2017-10-07,27.43,15.99,2.954,42.96,32.641,34.299,42.749,38.33,45.341
2017-10-08,55.47,16.56,3.187,46.21,37.927,50.553,52.555,49.957,62.219
2017-10-09,78.53,21.87,3.534,64.74,56.496,72.758,70.456,71.589,83.528
2017-10-10,115.01,32.07,3.335,102.87,105.575,113.836,109.793,121.439,131.826
2017-10-11,124.77,3.21,3.345,85.72,124.135,175.609,117.747,129.345,155.978
2017-10-12,85.6,4.54,3.306,82.16,120.7,147.139,112.938,120.551,134.957
2017-10-13,158.64,31.51,3.152,123.98,148.515,133.037,136.634,156.872,164.971
2017-10-14,201.97,0.88,3.202,100.32,160.103,214.879,134.173,155.644,189.314
2017-10-15,142.48,0.05,2.79,65.31,148.751,189.777,122.918,139.862,162.143
2017-10-16,103.92,0.16,2.399,55.61,131.66,145.35,107.923,120.319,139.244
2017-10-17,75.65,0.02,2.926,49.88,115.18,124.644,92.969,101.607,119.945
2017-10-18,55.4,0.08,3.616,45.59,100.295,112.696,79.953,85.37,103.677
2017-10-19,45.64,2.66,3.379,42.19,88.201,102.676,69.697,72.186,89.968
2017-10-20,41.15,0.05,4.234,39.08,77.346,94.221,61.635,61.478,78.408
2017-10-21,62.58,55.42,3.429,169.35,122.943,112.379,166.342,187.887,146.12
2017-10-22,216.95,3.49,4.43,165.17,149.683,230.621,197.429,219.295,203.245
2017-10-23,160.57,0.01,4.211,88.78,143.375,204.731,198.891,209.482,173.993
2017-10-24,109.46,0.0,3.742,71.77,129.108,151.308,182.705,184.878,149.336
2017-10-25,83.16,11.73,2.776,78.09,118.647,132.39,164.901,165.541,128.616
2017-10-26,74.48,1.59,3.053,74.33,106.93,138.247,143.922,142.627,111.153
2017-10-27,66.41,10.57,3.46,74.76,101.856,128.735,128.652,127.488,101.491
2017-10-28,63.76,0.36,3.945,67.84,95.38,127.568,113.709,110.595,93.359
2017-10-29,54.17,9.21,4.449,152.38,91.349,117.106,103.994,99.785,82.462
2017-10-30,212.35,40.86,4.063,163.82,138.623,135.169,154.651,176.654,146.665
2017-10-31,218.32,0.11,4.196,105.33,164.512,233.189,165.569,190.322,199.763
2017-11-01,142.35,0.01,4.029,81.63,157.04,202.978,161.235,177.683,171.18
2017-11-02,108.66,0.0,3.421,71.72,141.434,153.48,148.154,156.335,147.086
2017-11-03,91.42,10.69,4.659,79.88,129.065,133.32,136.388,141.195,126.777
2017-11-04,104.96,28.46,3.57,145.29,143.516,146.219,151.689,171.953,144.466
2017-11-05,150.03,0.13,4.021,129.44,148.609,198.927,148.185,168.644,159.402
2017-11-06,109.53,0.04,3.954,83.89,137.741,173.557,138.493,152.273,137.21
2017-11-07,87.21,0.07,4.07,71.82,122.472,138.404,125.96,132.709,118.505
2017-11-08,72.17,0.33,5.016,64.28,108.574,120.459,113.361,114.105,102.73
2017-11-09,62.3,0.13,3.88,58.38,96.115,109.069,102.146,97.926,89.425
2017-11-10,64.5,19.14,3.652,92.13,91.942,103.992,105.97,105.442,81.94
2017-11-11,91.4,0.17,4.272,85.54,84.867,113.78,102.608,100.61,75.639
2017-11-12,76.17,0.0,4.919,60.27,76.556,104.425,97.13,91.322,66.606
2017-11-13,60.91,0.01,5.111,52.84,68.787,90.884,90.637,81.291,58.989
2017-11-14,48.81,0.02,4.457,47.89,61.904,82.854,84.168,72.03,52.56
2017-11-15,41.99,0.0,4.836,43.9,55.471,77.095,78.29,64.044,47.132
2017-11-16,38.14,2.97,4.991,43.95,51.442,72.061,73.509,57.67,42.552
2017-11-17,41.1,3.29,4.158,42.4,48.638,67.625,69.66,52.665,38.688
2017-11-18,105.1,58.61,4.592,170.01,93.447,79.918,190.158,190.991,118.005
2017-11-19,145.57,0.14,5.271,168.85,116.796,151.735,226.537,226.893,184.909
2017-11-20,100.51,0.12,5.35,86.49,114.6,139.318,229.22,218.688,158.772
2017-11-21,80.92,14.78,4.652,83.94,109.822,108.481,219.567,206.819,136.734
2017-11-22,85.8,0.19,4.96,74.7,100.975,110.705,196.93,182.652,118.152
2017-11-23,71.33,0.0,5.967,60.38,90.648,101.765,172.062,156.307,102.484
2017-11-24,58.39,0.0,4.974,54.19,80.283,88.999,149.243,132.035,89.264
2017-11-25,50.19,9.66,3.865,67.18,74.838,82.425,133.555,116.044,78.116
2017-11-26,54.02,2.18,4.462,63.78,69.037,81.226,119.72,100.527,68.715
2017-11-27,50.25,0.03,4.407,49.68,62.509,75.871,108.298,86.7,60.786
2017-11-28,42.98,0.2,4.534,44.31,56.37,69.617,98.994,75.007,54.09
2017-11-29,38.49,0.43,4.513,40.62,50.843,65.114,91.47,65.383,48.434
2017-11-30,36.31,1.4,4.859,37.57,46.697,61.444,85.434,57.593,43.654
2017-12-01,31.02,0.04,5.122,34.91,42.841,58.157,80.44,51.286,39.61
2017-12-02,28.72,0.0,5.314,32.53,39.362,55.196,76.238,46.16,36.185
2017-12-03,28.52,0.76,4.701,30.9,36.605,52.517,72.638,41.967,33.283
2017-12-04,28.3,5.71,3.539,35.99,36.109,50.129,70.62,39.772,30.828
2017-12-05,34.19,0.58,4.341,32.72,34.692,48.091,68.125,37.314,28.748
2017-12-06,33.8,1.48,4.831,28.91,33.256,46.039,65.609,34.942,26.98
2017-12-07,30.21,3.76,4.941,49.7,32.79,44.074,63.531,33.205,25.479
2017-12-08,32.53,12.51,4.436,46.54,35.819,42.573,66.78,37.81,24.205
2017-12-09,31.87,0.0,4.177,30.69,35.562,41.962,66.16,37.951,23.123
2017-12-10,28.44,0.0,3.759,26.35,33.673,40.399,64.041,36.204,22.201
2017-12-11,24.8,0.0,4.147,23.97,31.498,38.492,61.092,33.847,21.409
2017-12-12,22.09,0.0,4.553,22.3,29.384,37.054,57.905,31.436,20.724
2017-12-13,18.96,0.07,4.227,20.97,27.082,35.821,54.829,29.191,20.13
2017-12-14,17.86,0.42,4.964,19.86,25.614,34.669,52.016,27.182,19.611
2017-12-15,17.97,13.35,4.631,42.13,28.947,33.785,55.898,32.243,19.162
2017-12-16,24.6,0.58,5.524,43.61,29.444,33.532,55.691,32.665,18.772
2017-12-17,25.12,5.49,5.293,32.58,30.153,32.532,55.025,32.132,18.432
2017-12-18,32.61,1.25,5.517,28.62,29.631,31.227,52.795,30.231,18.134
2017-12-19,36.0,1.28,5.475,22.18,28.517,30.261,50.023,27.933,17.865
2017-12-20,26.3,7.53,4.648,26.3,29.495,29.489,49.154,27.652,17.627
2017-12-21,24.18,4.0,3.388,24.21,30.056,28.957,47.636,26.632,17.415
2017-12-22,26.4,2.3,3.333,20.38,29.607,28.275,45.633,25.019,17.226
2017-12-23,26.23,12.45,4.339,33.09,32.399,27.823,48.873,28.946,17.055
2017-12-24,26.77,5.8,4.287,33.94,34.005,28.696,49.511,29.994,17.544
2017-12-27,15.13,3.42,5.334,21.95,33.856,28.407,48.359,28.917,17.946
2017-12-28,23.99,12.36,5.119,64.44,36.256,27.57,51.372,32.512,22.464
2017-12-29,98.39,41.66,5.324,85.53,56.19,38.049,112.77,95.249,76.093
2017-12-30,124.02,7.98,5.314,69.39,69.238,77.3,132.373,113.258,118.935
2017-12-31,111.16,4.7,4.65,55.09,70.207,77.169,133.425,109.894,105.319
2018-01-01,88.45,2.58,4.546,47.26,66.409,55.378,123.224,98.013,91.423
2018-01-02,68.65,8.61,5.302,39.99,63.704,48.095,111.277,87.111,80.874
2018-01-03,67.78,0.11,4.887,32.09,58.339,50.729,97.457,74.76,71.98
2018-01-04,60.03,0.01,4.789,26.38,52.877,48.572,84.819,63.191,63.264
2018-01-05,46.69,0.0,5.104,23.79,46.9,44.334,74.213,53.208,55.906
2018-01-06,39.54,5.28,4.897,37.36,43.445,42.078,66.756,45.921,49.7
2018-01-07,40.04,1.54,4.886,37.04,40.02,40.729,60.592,39.544,44.459
2018-01-08,36.3,0.06,4.798,25.57,36.233,39.246,55.601,34.162,40.028
2018-01-09,32.61,3.56,5.055,25.43,33.92,37.746,52.005,30.097,36.285
2018-01-10,34.43,18.11,3.906,67.68,37.6,38.392,60.635,39.46,35.69
2018-01-11,51.43,17.52,4.09,82.38,46.351,48.429,72.714,52.963,47.364
2018-01-12,67.89,14.93,4.31,86.92,62.018,64.46,82.404,63.638,64.29
2018-01-13,75.05,12.37,4.568,85.16,77.39,77.088,87.448,69.265,73.487
2018-01-14,77.49,8.7,4.969,72.76,84.878,82.084,86.929,68.849,75.02
2018-01-15,63.4,1.25,4.377,56.06,82.793,77.251,81.238,62.758,69.255
2018-01-16,56.97,7.57,4.752,65.27,79.093,67.427,75.83,57.598,61.02
2018-01-17,72.83,23.96,5.54,107.66,95.449,73.391,89.647,76.989,77.088
2018-01-18,106.91,3.36,4.736,91.6,105.093,107.006,90.075,78.289,90.659
2018-01-19,77.64,4.78,4.617,58.47,100.751,98.539,86.163,72.864,79.12
2018-01-20,54.21,1.81,4.754,59.26,91.683,79.158,79.233,64.608,69.397
2018-01-21,51.07,8.14,5.339,78.67,84.722,72.361,73.896,59.092,61.204
2018-01-22,67.37,18.5,4.94,87.31,91.876,79.434,79.758,68.392,65.364
2018-01-23,76.86,4.61,4.207,70.81,96.839,102.817,78.386,67.378,69.254
2018-01-24,69.5,17.4,3.678,80.34,107.325,103.272,84.742,76.4,80.738
2018-01-25,92.52,9.12,3.917,90.99,119.172,124.205,85.276,77.899,94.793
2018-01-26,83.32,0.75,4.476,71.68,115.397,126.591,80.692,72.092,87.426
2018-01-27,70.4,0.01,4.5,55.7,105.925,106.083,74.065,64.051,76.511
2018-01-28,59.69,6.19,4.239,81.7,96.69,91.983,68.458,57.781,67.316
2018-01-29,100.74,15.65,4.407,84.4,95.488,92.794,71.327,63.381,64.084
2018-01-30,91.25,0.08,4.271,61.91,91.086,108.2,68.786,60.954,61.373
2018-01-31,66.31,0.0,4.074,51.42,84.345,99.067,64.588,55.565,54.588
2018-02-01,52.63,0.0,4.289,46.52,75.535,84.778,59.698,49.621,48.872
2018-02-02,44.09,0.01,5.201,42.76,67.58,77.231,54.915,44.101,44.048
2018-02-03,39.06,0.0,4.818,39.56,60.588,72.16,50.649,39.316,39.976
2018-02-04,36.01,0.04,4.818,36.72,54.514,67.696,47.019,35.31,36.536
2018-02-05,32.8,0.0,4.312,34.18,49.281,63.743,43.988,32.004,33.629
2018-02-06,29.49,0.0,4.801,31.87,44.797,60.218,41.456,29.29,31.169
2018-02-07,29.77,7.4,4.798,45.81,43.61,57.18,41.281,29.221,29.095
2018-02-08,29.9,0.41,5.447,45.04,41.438,54.818,40.063,28.008,27.34
2018-02-09,29.2,2.52,4.574,33.22,39.569,52.186,38.744,26.553,25.855
2018-02-10,30.9,7.23,4.468,45.17,39.72,49.697,38.981,26.963,24.601
2018-02-11,35.95,3.46,5.248,48.94,39.14,47.898,38.299,26.404,23.541
2018-02-12,30.22,10.63,4.577,37.24,40.942,46.232,40.921,29.596,22.645
2018-02-13,27.36,1.03,3.758,29.71,40.142,45.608,40.495,29.423,21.887
2018-02-14,25.8,0.21,3.254,26.58,37.81,43.736,38.867,27.874,21.246
2018-02-15,23.29,0.02,3.606,24.64,35.113,41.41,36.645,25.921,20.698
2018-02-16,22.05,0.07,3.609,23.1,32.414,39.724,34.311,23.979,20.226
2018-02-17,21.96,0.31,4.448,21.83,30.172,38.308,32.129,22.208,19.815
2018-02-18,20.98,2.27,4.29,21.67,28.793,36.991,30.378,20.751,19.46
2018-02-19,20.54,8.4,3.943,32.42,30.161,35.887,31.294,21.998,19.155
2018-02-20,22.8,0.31,3.607,31.3,29.676,35.223,30.661,21.587,18.892
2018-02-21,20.67,1.89,3.562,24.49,28.782,34.113,29.61,20.563,18.664
2018-02-22,19.62,0.39,3.763,22.04,27.4,32.833,28.187,19.318,18.459
2018-02-23,18.15,0.0,3.811,19.34,25.693,31.808,26.672,18.073,18.273
2018-02-24,17.04,0.0,3.703,18.04,24.113,30.901,25.215,16.917,18.102
2018-02-25,16.43,0.01,4.222,17.12,22.672,30.045,23.884,15.875,17.942
2018-02-26,15.38,0.92,4.334,31.14,21.715,29.237,22.725,14.941,17.793
2018-02-27,18.26,17.78,4.347,38.73,26.98,28.886,33.049,25.494,19.522
2018-02-28,21.98,1.38,4.667,27.67,28.6,29.779,35.797,28.01,20.974
2018-03-01,18.6,4.27,4.153,25.63,29.111,28.993,36.119,27.551,20.327
2018-03-02,22.67,6.85,4.251,27.71,30.363,27.566,35.854,27.03,19.772
2018-03-03,22.56,14.84,4.637,48.17,34.578,28.326,41.505,33.135,28.029
2018-03-04,25.15,3.38,4.08,47.48,35.526,31.73,41.619,33.295,34.996
2018-03-05,23.81,2.9,4.038,31.88,34.639,30.538,39.595,30.963,32.142
2018-03-06,23.62,7.63,4.087,33.4,34.94,27.951,38.344,29.778,31.276
2018-03-07,24.01,0.29,4.329,27.03,33.126,28.631,35.419,27.109,30.541
2018-03-08,21.78,0.01,4.306,21.75,30.355,27.901,32.207,24.114,28.373
2018-03-09,18.18,1.75,4.051,19.98,28.154,26.191,29.263,21.344,26.538
2018-03-10,16.85,4.09,4.165,26.54,27.26,25.332,27.234,19.394,24.986
2018-03-11,16.75,0.11,3.988,25.79,25.526,24.763,25.215,17.475,23.665
2018-03-12,16.75,0.06,3.723,19.79,23.493,24.22,23.426,15.743,22.54
2018-03-13,15.81,0.0,3.684,17.99,21.57,23.7,21.869,14.246,21.577
2018-03-14,15.0,25.35,3.652,45.85,28.813,25.289,43.67,35.821,30.118
2018-03-15,35.83,7.73,4.201,55.17,33.093,33.777,52.058,43.39,40.526
2018-03-16,48.13,0.02,3.712,34.58,32.365,35.464,52.802,42.429,39.954
2018-03-17,35.65,5.04,3.359,27.85,31.746,30.133,50.178,39.078,36.272
2018-03-18,25.88,1.95,3.681,26.13,30.321,27.95,45.344,34.439,33.163
2018-03-19,25.93,4.43,4.248,26.59,29.436,26.962,40.758,30.35,30.537
2018-03-20,32.24,26.72,4.146,78.15,39.993,31.059,61.858,53.237,45.556
2018-03-21,94.19,0.89,3.516,75.78,44.202,51.995,66.078,57.277,58.238
2018-03-22,64.38,0.26,3.049,39.61,43.471,50.079,63.939,53.446,51.711
2018-03-23,43.08,1.05,3.279,30.95,39.754,37.247,58.252,47.018,46.207
2018-03-24,30.62,4.44,2.608,79.44,37.243,33.79,52.167,40.961,41.566
2018-03-25,146.15,49.24,3.883,153.37,88.559,50.324,133.448,124.158,105.695
2018-03-26,203.38,3.85,3.751,134.81,117.645,126.395,156.473,144.403,159.886
2018-03-27,134.61,6.04,3.767,89.98,117.783,119.907,157.44,138.845,139.629
2018-03-28,114.76,4.46,3.451,73.96,110.017,88.553,144.579,123.251,123.377
2018-03-29,109.89,5.33,3.098,69.36,103.592,79.66,127.031,106.0,109.644
2018-03-30,136.42,1.4,3.3,64.3,93.904,78.35,108.822,88.987,97.155
2018-03-31,104.6,8.38,3.216,69.56,89.272,75.192,95.296,77.135,87.567
2018-04-01,91.08,9.22,3.025,92.56,88.421,83.068,86.123,69.531,85.106
2018-04-02,88.66,1.1,2.937,84.22,85.333,91.606,77.149,60.603,80.087
2018-04-03,69.37,0.02,3.077,61.03,78.71,82.168,69.345,52.129,70.25
2018-04-04,56.97,0.24,2.835,53.75,69.8,71.5,62.755,44.79,61.959
2018-04-05,49.67,0.08,3.031,49.34,61.793,66.12,57.338,38.727,54.973
2018-04-06,45.04,0.01,3.057,45.9,54.776,62.37,52.949,33.833,49.082
2018-04-07,41.18,0.0,3.092,42.91,48.737,58.994,49.395,29.932,44.111
2018-04-08,38.36,0.0,2.935,40.22,43.517,55.949,46.483,26.836,39.916
2018-04-09,35.31,0.0,2.534,37.77,39.157,53.195,44.048,24.38,36.375
2018-04-10,32.75,0.01,2.575,35.52,35.501,50.697,41.959,22.428,33.384
2018-04-11,31.1,0.0,3.704,33.46,32.394,48.42,40.119,20.865,30.855
2018-04-12,29.46,0.03,3.467,31.57,29.784,46.334,38.461,19.585,28.714
2018-04-13,27.65,0.02,3.621,29.88,27.562,44.419,36.937,18.524,26.9
2018-04-14,26.72,0.77,2.989,28.29,25.836,42.656,35.537,17.624,25.363
2018-04-15,26.97,2.69,2.451,29.24,25.28,41.038,34.464,17.039,24.062
2018-04-16,25.56,0.01,2.537,28.05,24.216,39.568,33.275,16.443,22.958
2018-04-17,24.61,0.36,3.093,25.33,23.068,38.165,32.073,15.862,22.017
2018-04-18,23.3,0.0,2.802,23.8,21.879,36.841,30.875,15.313,21.214
2018-04-19,22.16,0.01,2.876,22.62,20.322,35.618,29.706,14.796,20.525
2018-04-20,20.43,0.0,3.219,21.6,19.381,34.479,28.579,14.309,19.933
2018-04-21,19.43,0.14,2.421,22.18,18.566,33.411,27.501,13.844,19.422
2018-04-22,18.99,1.03,2.966,21.54,18.179,32.409,26.508,13.406,18.981
2018-04-23,19.98,0.03,2.611,19.73,17.611,31.467,25.534,12.985,18.596
2018-04-24,18.5,0.01,2.922,18.77,16.989,30.579,24.593,12.576,18.259
2018-04-25,17.97,0.0,2.683,18.04,16.345,29.741,23.684,12.175,17.961
2018-04-26,17.41,0.06,2.838,17.4,15.751,28.95,22.809,11.781,17.696
2018-04-27,16.47,0.09,2.761,16.83,15.286,28.201,21.969,11.393,17.459
2018-04-28,15.82,0.15,2.533,16.3,14.888,27.491,21.161,11.011,17.245
2018-04-29,16.14,0.0,2.876,15.83,14.477,26.818,20.385,10.635,17.05
2018-04-30,15.23,0.01,2.694,15.39,14.08,26.178,19.639,10.262,16.87
2018-05-01,15.08,0.01,2.525,14.98,13.71,25.57,18.921,9.894,16.703
2018-05-02,14.95,0.17,2.648,14.62,13.422,24.99,18.231,9.532,16.548
2018-05-03,15.0,0.0,2.378,15.24,13.117,24.438,17.565,9.175,16.401
2018-05-04,14.83,0.87,2.124,14.53,13.119,23.911,16.952,8.824,16.264
2018-05-05,14.62,0.0,1.965,13.81,12.933,23.408,16.344,8.484,16.133
2018-05-06,14.21,1.47,2.458,15.63,13.167,22.927,15.828,8.173,16.009
2018-05-07,14.37,0.61,2.668,14.57,13.259,22.466,15.29,7.857,15.89
2018-05-08,14.5,0.01,2.213,13.33,13.023,22.025,14.741,7.539,15.774
2018-05-09,13.35,0.0,2.596,12.99,12.667,21.602,14.196,7.225,15.66
2018-05-10,12.62,0.0,2.232,12.73,12.287,21.197,13.663,6.915,15.549
2018-05-11,13.26,0.27,2.535,12.5,12.027,20.808,13.152,6.611,15.439
2018-05-12,13.17,0.28,2.525,12.31,11.825,20.434,12.663,6.313,15.33
2018-05-13,12.64,0.0,2.319,12.12,11.55,20.074,12.192,6.021,15.222
2018-05-14,12.23,0.0,2.397,11.96,11.255,19.728,11.74,5.736,15.115
2018-05-15,12.3,10.79,2.303,25.1,14.783,19.442,15.492,9.182,15.012
2018-05-16,13.42,1.6,1.874,23.75,16.377,19.305,16.503,10.028,14.912
2018-05-17,13.83,0.0,2.135,15.59,16.163,18.984,16.321,9.696,14.814
2018-05-18,13.71,2.85,2.213,46.27,16.401,18.574,15.731,9.099,14.72
2018-05-19,30.21,27.55,1.955,46.7,25.574,20.315,42.009,33.556,33.61
2018-05-20,40.29,0.0,1.041,25.48,27.946,28.05,49.595,39.839,49.552
2018-05-21,27.35,0.0,1.799,19.12,26.587,27.328,49.763,38.287,44.031
2018-05-22,20.04,0.0,2.241,16.63,24.367,21.903,45.56,33.889,39.368
2018-05-23,16.02,0.01,1.764,15.3,22.01,20.329,39.771,28.89,35.43
2018-05-24,13.02,0.0,1.898,14.46,19.786,19.967,34.052,24.228,32.102
2018-05-25,12.36,0.0,2.195,13.88,17.798,19.621,29.14,20.223,29.29
2018-05-26,12.15,0.0,1.915,13.45,16.074,19.288,25.22,16.919,26.91
2018-05-27,12.34,0.0,2.443,13.1,14.607,18.967,22.214,14.255,24.893
2018-05-28,11.33,0.0,2.168,12.81,13.373,18.659,19.946,12.129,23.183
2018-05-29,9.56,0.0,2.061,12.56,12.34,18.362,18.233,10.442,21.73
2018-05-30,9.1,0.01,1.857,12.34,11.486,18.076,16.919,9.105,20.495
2018-05-31,8.36,0.0,2.264,12.14,10.771,17.8,15.884,8.043,19.443
2018-06-01,8.29,3.9,1.923,15.06,11.556,17.604,15.585,7.598,18.548
2018-06-02,8.67,7.2,2.104,20.41,14.074,17.891,16.909,8.716,17.785
2018-06-03,9.95,0.12,1.935,17.94,14.509,18.678,16.904,8.678,17.134
2018-06-04,10.02,4.32,1.753,20.8,15.406,18.368,17.031,8.692,16.578
2018-06-05,10.36,4.88,1.771,23.72,16.779,18.307,17.26,8.929,16.101
2018-06-06,11.84,0.16,1.571,18.29,16.47,18.869,16.639,8.535,15.691
2018-06-07,11.78,1.14,1.907,14.56,15.787,18.142,15.755,7.929,15.339
2018-06-08,11.11,0.0,1.488,13.37,14.706,17.137,14.744,7.299,15.034
2018-06-09,11.83,0.04,2.005,12.7,13.506,16.742,13.763,6.724,14.77
2018-06-10,11.39,0.0,1.766,12.28,12.412,16.509,12.879,6.225,14.54
2018-06-11,11.0,1.67,1.94,37.12,12.031,16.283,12.211,5.84,14.339
2018-06-12,19.52,38.46,1.595,68.86,24.965,22.152,64.9,55.309,40.233
2018-06-13,85.6,0.63,1.738,48.83,28.964,47.321,81.361,68.953,62.094
2018-06-14,57.53,1.77,1.826,27.96,28.426,45.819,83.365,67.11,54.485
2018-06-15,36.72,3.05,1.579,22.57,27.252,30.234,76.878,59.738,48.346
2018-06-16,26.48,1.89,1.589,19.57,25.523,27.748,66.92,50.93,43.442
2018-06-17,21.68,0.3,1.693,17.8,23.104,27.506,56.688,42.527,39.028
2018-06-18,19.83,0.03,1.027,16.62,20.52,26.025,47.755,35.248,35.032
2018-06-19,18.17,0.0,1.344,15.86,18.11,25.068,40.584,29.249,31.662
2018-06-20,16.46,0.0,1.653,15.3,15.989,24.49,35.093,24.436,28.819
2018-06-21,15.25,0.01,1.99,14.86,14.178,23.968,30.987,20.632,26.421
2018-06-22,12.87,0.0,1.857,14.48,12.653,23.457,27.934,17.65,24.397
2018-06-23,11.8,0.0,2.007,14.14,11.382,22.966,25.641,15.324,22.688
2018-06-24,12.03,0.87,1.802,14.57,10.638,22.498,23.908,13.511,21.245
2018-06-25,12.07,3.58,1.718,21.24,11.14,22.312,22.98,12.463,20.027
2018-06-26,12.73,9.55,1.476,43.3,14.205,24.267,25.258,14.858,18.997
2018-06-27,39.06,32.83,1.661,61.55,35.741,38.312,64.17,56.209,45.077
2018-06-28,64.31,3.8,1.782,50.29,49.987,77.659,76.301,67.61,68.928
2018-06-29,45.14,0.27,1.917,37.43,50.298,74.856,76.948,65.529,62.123
2018-06-30,34.75,5.77,1.959,29.81,49.473,53.277,72.096,59.824,56.523
2018-07-01,32.68,0.06,1.713,23.98,45.444,51.251,63.933,52.152,51.808
2018-07-02,28.44,0.1,1.621,21.59,41.734,48.88,55.463,44.587,45.876
2018-07-03,24.74,0.36,1.751,20.31,36.913,44.289,47.953,37.947,40.877
2018-07-04,22.13,0.41,1.439,19.45,32.619,41.99,41.822,32.438,36.666
2018-07-05,19.88,0.03,1.517,18.75,28.752,40.484,37.031,28.01,33.117
2018-07-06,18.31,0.0,1.354,18.14,25.363,39.069,33.364,24.509,30.128
2018-07-07,16.76,0.04,1.764,17.61,22.364,37.737,30.562,21.769,27.611
2018-07-08,15.63,0.23,1.827,17.52,20.028,36.481,28.395,19.633,25.489
2018-07-09,14.89,0.92,1.467,17.13,18.338,35.302,26.704,17.971,23.702
2018-07-10,14.31,0.0,1.631,16.43,16.725,34.204,25.303,16.682,22.193
2018-07-11,13.62,0.01,1.773,15.96,15.266,33.168,24.107,15.671,20.92
2018-07-12,13.16,0.03,2.303,15.56,14.017,32.185,23.055,14.869,19.843
2018-07-13,12.43,0.0,2.488,15.18,12.944,31.254,22.104,14.22,18.931
2018-07-14,12.3,0.0,2.165,14.83,12.025,30.374,21.23,13.682,18.158
2018-07-15,12.01,0.0,1.634,14.51,11.241,29.544,20.413,13.228,17.503
2018-07-16,11.74,0.02,2.167,14.19,10.578,28.762,19.643,12.841,16.945
2018-07-17,11.09,0.0,2.217,13.9,10.005,28.022,18.911,12.498,16.47
2018-07-18,11.08,0.0,1.643,13.62,9.508,27.32,18.213,12.186,16.063
2018-07-19,10.54,0.03,1.883,13.35,9.085,26.655,17.543,11.9,15.715
2018-07-20,9.63,0.0,2.115,13.1,8.701,26.023,16.9,11.63,15.415
2018-07-21,8.63,0.66,2.159,12.92,8.574,25.421,16.298,11.369,15.156
2018-07-22,8.45,0.04,1.934,12.71,8.208,24.849,15.709,11.117,14.93
2018-07-23,8.35,0.0,2.117,12.45,7.963,24.303,15.137,10.869,14.733
2018-07-24,8.53,0.21,2.054,12.27,7.806,23.782,14.586,10.622,14.559
2018-07-25,8.46,0.52,2.314,12.15,7.764,23.284,14.062,10.375,14.404
2018-07-26,8.18,0.0,2.394,11.96,7.617,22.808,13.551,10.128,14.265
2018-07-27,8.5,0.0,1.876,11.73,7.407,22.353,13.056,9.877,14.139
2018-07-28,8.45,0.0,2.345,11.55,7.191,21.916,12.578,9.626,14.023
2018-07-29,8.32,0.44,2.471,11.39,7.138,21.498,12.124,9.372,13.917
2018-07-30,7.81,0.0,2.101,11.24,6.998,21.097,11.683,9.116,13.817
2018-07-31,7.75,0.1,2.026,11.1,6.848,20.711,11.256,8.859,13.723
2018-08-01,7.39,0.0,1.935,10.97,6.674,20.341,10.844,8.603,13.635
2018-08-02,7.39,0.01,2.209,10.84,6.498,19.985,10.447,8.346,13.549
2018-08-03,7.58,5.28,2.344,16.46,8.192,19.665,11.067,8.927,13.469
2018-08-04,7.99,0.09,2.657,15.92,8.699,19.421,11.019,8.933,13.395
2018-08-05,7.82,0.0,2.575,12.26,8.487,19.098,10.71,8.673,13.321
2018-08-06,7.7,0.0,2.62,11.39,8.095,18.735,10.248,8.312,13.248
2018-08-07,7.31,0.0,2.744,10.96,7.666,18.424,9.736,7.924,13.174
2018-08-08,7.04,11.44,2.753,22.76,11.291,18.284,13.94,11.972,13.104
2018-08-09,8.8,1.63,2.573,22.63,12.857,18.57,15.073,12.94,13.037
2018-08-10,10.36,0.1,2.628,14.63,12.58,18.27,14.896,12.519,12.971
2018-08-11,9.66,0.32,3.299,12.59,11.83,17.636,13.962,11.587,12.908
2018-08-12,8.14,0.85,3.066,11.69,11.178,17.291,12.773,10.54,12.847
2018-08-13,7.44,0.29,2.701,11.17,10.418,17.042,11.581,9.546,12.785
2018-08-14,7.31,0.0,2.684,10.83,9.554,16.801,10.524,8.665,12.721
2018-08-15,7.11,0.39,2.33,10.58,8.864,16.568,9.646,7.903,12.657
2018-08-16,7.02,0.0,2.588,10.39,8.177,16.341,8.927,7.254,12.591
2018-08-17,6.77,0.0,2.314,10.23,7.538,16.122,8.343,6.699,12.524
2018-08-18,6.47,0.01,2.707,10.1,6.983,15.91,7.861,6.221,12.455
2018-08-19,6.63,0.0,3.532,9.98,6.505,15.704,7.457,5.803,12.384
2018-08-20,6.78,2.48,2.953,14.71,6.978,15.504,7.33,5.549,12.314
2018-08-21,7.54,11.98,2.973,34.28,11.166,15.445,12.253,9.959,12.246
2018-08-22,16.62,18.49,2.888,45.05,18.806,16.89,25.932,22.793,24.179
2018-08-23,27.66,0.22,3.522,30.59,20.555,21.003,29.808,25.746,34.251
2018-08-24,27.95,35.43,3.374,64.21,31.892,26.461,74.7,68.302,56.824
2018-08-25,78.55,2.55,3.677,58.69,35.136,49.318,86.68,77.969,75.886
2018-08-26,68.3,0.0,2.336,28.88,32.903,47.062,85.33,73.54,65.921
2018-08-27,40.8,0.0,2.361,21.94,29.256,30.693,76.579,64.197,57.519
2018-08-28,24.08,0.0,3.367,18.8,25.409,26.291,65.428,54.038,50.435
2018-08-29,17.23,0.0,3.267,17.03,21.833,25.641,54.751,44.725,44.46
2018-08-30,14.3,0.0,3.578,15.88,18.667,25.022,45.765,36.801,39.418
2018-08-31,12.78,0.19,2.415,15.73,16.013,24.442,38.721,30.311,35.162
2018-09-01,13.44,25.76,2.812,62.0,22.84,28.064,57.304,50.113,42.067
2018-09-02,78.5,40.19,3.585,119.29,66.875,58.087,119.235,116.484,91.402
2018-09-03,211.83,23.24,3.699,136.1,116.388,131.055,155.437,156.384,140.281
2018-09-04,272.49,2.8,2.971,97.6,127.944,166.639,159.514,155.884,138.071
2018-09-05,209.8,0.09,2.682,60.07,119.371,126.997,147.46,139.502,118.524
2018-09-06,135.18,0.0,3.242,50.09,105.85,95.313,128.724,118.908,102.053
2018-09-07,98.45,0.0,3.607,45.03,92.173,84.452,109.432,99.074,88.177
2018-09-08,74.45,0.01,2.152,41.57,79.531,78.551,92.534,81.818,76.487
2018-09-09,54.92,0.0,2.086,38.78,68.34,73.388,78.936,67.566,66.638
2018-09-10,43.33,0.0,2.283,36.37,58.679,68.844,68.498,56.12,58.338
2018-09-11,36.95,0.01,2.848,34.19,50.471,64.801,60.672,47.074,51.344
2018-09-12,32.51,0.02,2.038,32.2,43.569,61.179,54.833,39.982,45.451
2018-09-13,29.45,0.03,1.992,36.07,37.804,57.927,50.431,34.459,40.486
2018-09-14,30.75,10.1,1.962,48.62,36.552,56.461,50.702,34.647,36.306
2018-09-15,37.98,6.43,2.445,52.06,35.992,60.583,50.652,34.459,33.465
2018-09-16,37.8,0.16,2.539,42.28,33.29,61.446,49.053,32.406,31.076
2018-09-17,35.6,6.28,2.758,50.35,32.19,56.924,48.178,31.481,29.428
2018-09-18,36.68,3.02,2.787,46.93,30.713,55.532,46.407,29.805,28.256
2018-09-19,37.62,1.14,3.085,34.45,28.541,52.861,44.124,27.73,26.238
2018-09-20,32.53,3.59,2.956,31.14,27.124,49.31,42.154,26.15,24.331
2018-09-21,28.24,0.0,3.903,29.1,24.907,47.336,39.959,24.511,22.728
2018-09-22,25.37,0.0,3.188,27.14,22.463,45.34,37.841,22.985,21.38
2018-09-23,23.24,0.02,2.984,25.64,20.204,43.271,35.878,21.653,20.248
2018-09-24,24.28,7.34,2.49,51.85,20.792,42.162,36.037,22.687,19.297
2018-09-25,52.61,3.43,2.794,50.05,21.143,43.18,35.482,22.798,18.499
2018-09-26,49.16,12.32,3.28,55.42,24.225,43.681,39.725,28.678,20.695
2018-09-27,47.44,0.18,3.562,51.32,23.766,47.895,39.948,29.686,22.554
2018-09-28,44.36,0.07,2.46,34.46,21.834,45.583,38.587,28.591,21.263
2018-09-29,33.75,0.05,2.614,29.98,19.845,40.66,36.379,26.794,20.178
2018-09-30,28.5,3.95,1.728,34.5,19.282,38.754,34.502,25.429,19.266
2018-10-01,26.15,0.04,2.206,34.3,17.976,38.672,32.365,23.892,18.5
2018-10-02,31.13,27.35,3.089,63.72,34.077,42.831,57.272,53.782,32.346
2018-10-03,62.33,23.89,3.344,98.71,72.64,72.292,84.579,88.211,62.668
2018-10-04,112.64,1.8,3.637,76.32,88.729,105.612,90.851,93.92,73.791
2018-10-05,79.01,0.01,3.139,48.38,85.306,89.55,87.178,87.666,64.572
2018-10-06,54.29,7.15,2.796,49.78,79.246,69.912,80.39,79.92,56.808
2018-10-07,77.26,23.89,2.954,99.61,97.871,79.906,91.658,98.726,74.421
2018-10-08,143.92,2.53,3.187,94.39,107.686,120.046,89.414,97.707,89.304
2018-10-09,109.26,2.0,3.534,73.2,101.338,109.247,82.736,88.889,77.734
2018-10-10,89.53,7.38,3.335,70.47,94.057,88.639,75.947,80.777,69.671
2018-10-11,75.76,4.96,3.345,58.38,87.109,88.663,68.709,72.339,64.35
2018-10-12,69.16,0.05,3.306,50.39,79.436,86.356,61.383,63.584,58.196
2018-10-13,87.12,42.51,3.152,135.58,124.292,99.646,120.036,141.525,118.965
2018-10-14,159.11,16.19,3.202,302.65,168.638,209.073,144.799,175.801,187.34
2018-10-15,328.08,27.38,2.79,278.21,209.451,260.104,173.314,221.388,225.344
2018-10-16,340.96,1.32,2.399,165.1,216.611,309.8,171.073,217.724,240.326
2018-10-17,281.19,9.15,2.926,136.72,206.017,253.299,159.423,201.698,209.938
2018-10-18,255.38,32.56,3.616,222.26,232.581,251.328,179.243,251.525,245.681
2018-10-19,296.67,0.15,3.379,206.02,235.772,349.301,172.555,246.724,271.185
2018-10-20,252.91,0.0,4.234,136.18,215.808,284.422,157.537,221.12,231.369
2018-10-21,220.53,0.0,3.429,115.2,190.233,215.548,139.273,190.416,197.809
2018-10-23,129.94,0.01,4.211,91.95,166.285,179.109,121.58,161.274,169.514
2018-10-24,120.88,14.03,3.742,118.95,149.866,161.056,113.4,150.169,145.667
2018-10-25,120.18,1.85,2.776,109.24,133.616,162.283,103.447,133.583,125.57
2018-10-26,108.39,10.92,3.053,104.76,123.306,148.441,98.456,125.206,113.941
2018-10-27,111.87,1.75,3.46,98.08,111.614,145.429,91.656,112.621,104.152
2018-10-28,99.58,0.0,3.945,78.31,101.386,129.646,84.807,99.631,90.607
2018-10-29,88.57,0.0,4.449,69.76,89.761,113.12,78.411,87.893,79.197
2018-10-30,79.22,0.0,4.063,63.64,79.811,102.038,72.762,77.903,69.58
2018-10-31,78.93,19.8,4.196,88.92,79.46,98.253,82.041,93.532,65.313
2018-11-01,106.25,3.53,4.029,90.79,76.147,109.855,82.912,94.36,61.729
2018-11-02,98.28,0.01,3.421,67.38,71.349,101.267,80.232,88.552,54.887
2018-11-03,83.68,11.19,4.659,65.35,70.343,90.047,80.09,88.518,51.502
2018-11-04,83.24,0.06,3.57,60.76,66.167,90.935,76.283,83.078,48.66
2018-11-05,72.58,0.02,4.021,51.16,62.725,84.526,71.457,76.013,43.898
2018-11-06,60.88,0.01,3.954,46.38,57.071,76.015,66.456,69.036,39.891
2018-11-07,52.88,0.01,4.07,42.79,51.949,70.471,61.809,62.798,36.51
2018-11-08,47.1,0.02,5.016,39.74,46.997,66.208,57.732,57.458,33.654
2018-11-09,42.19,0.14,3.88,37.05,42.998,62.418,54.243,52.95,31.242
2018-11-10,38.88,0.0,3.652,34.64,39.393,59.03,51.27,49.184,29.203
2018-11-11,36.74,0.0,4.272,32.45,36.574,55.984,48.712,46.029,27.477
2018-11-12,34.78,0.0,4.919,30.47,34.07,53.231,46.474,43.35,26.011
2018-11-13,31.82,0.01,5.111,28.67,31.594,50.731,44.476,41.035,24.764
2018-11-14,28.6,10.58,4.457,35.49,33.56,48.63,46.685,44.018,23.709
2018-11-15,28.04,0.08,4.836,34.74,33.296,47.239,46.292,43.715,22.818
2018-11-16,27.47,0.01,4.991,27.97,31.775,45.265,44.903,41.997,22.056
2018-11-17,25.11,0.0,4.158,25.28,30.039,43.145,42.937,39.811,21.401
2018-11-18,24.28,8.15,4.592,28.98,31.174,41.488,43.176,40.326,20.844
2018-11-19,27.93,0.05,5.271,28.12,30.596,40.259,41.844,39.058,20.367
2018-11-20,27.14,0.0,5.35,23.3,29.015,38.81,40.017,37.092,19.949
2018-11-21,23.72,0.0,4.652,21.36,27.36,37.319,37.982,34.966,19.581
2018-11-22,21.53,0.01,4.96,20.08,25.781,36.035,35.97,32.917,19.254
2018-11-23,19.94,0.9,5.967,24.11,24.651,34.869,34.129,31.022,18.961
2018-11-24,19.87,7.4,4.974,30.04,26.075,33.793,34.417,31.298,18.705
2018-11-25,23.5,0.01,3.865,26.42,25.729,32.828,33.534,30.319,18.476
2018-11-26,24.09,0.0,4.462,20.51,24.569,31.862,32.257,28.852,18.266
2018-11-27,21.11,0.01,4.407,18.49,23.286,30.921,30.779,27.263,18.07
2018-11-28,18.08,0.46,4.534,17.37,22.154,30.057,29.282,25.713,17.888
2018-11-29,17.0,7.19,4.513,23.08,23.613,29.261,29.714,26.044,17.722
2018-11-30,20.79,24.74,4.859,56.86,32.186,29.589,51.029,47.927,27.71
2018-12-01,52.24,3.86,5.122,55.23,35.479,32.983,57.485,53.542,36.135
2018-12-02,44.53,0.02,5.314,30.41,34.41,32.009,57.337,51.609,33.104
2018-12-03,28.4,0.01,4.701,23.5,32.025,28.937,53.381,46.899,30.54
2018-12-04,20.98,0.0,3.539,20.33,29.386,27.664,48.01,41.587,28.363
2018-12-05,18.2,0.0,4.341,18.5,26.854,26.977,42.667,36.587,26.512
2018-12-06,16.01,0.0,4.831,17.28,24.565,26.328,38.0,32.205,24.933
2018-12-07,14.78,0.15,4.941,16.39,22.613,25.711,34.185,28.489,23.583
2018-12-08,14.41,0.01,4.436,15.69,20.91,25.125,31.158,25.383,22.427
2018-12-09,13.81,0.01,4.177,15.11,19.41,24.566,28.776,22.798,21.433
2018-12-10,13.0,0.0,3.759,14.63,18.168,24.033,26.884,20.644,20.577
2018-12-11,12.85,0.83,4.147,14.27,17.409,23.524,25.373,18.838,19.837
2018-12-12,12.65,0.01,4.553,13.9,16.622,23.038,24.097,17.31,19.193
2018-12-13,12.18,2.66,4.227,14.01,16.771,22.573,23.248,16.148,18.634
2018-12-14,11.84,0.23,4.964,13.73,16.495,22.127,22.348,15.056,18.142
2018-12-15,11.99,5.01,4.631,13.18,17.662,21.701,22.368,14.772,17.712
2018-12-16,11.29,8.07,5.524,15.44,20.465,21.304,24.14,16.154,17.336
2018-12-17,13.27,4.09,5.293,15.32,22.191,20.948,24.706,16.338,17.004
2018-12-18,13.81,14.38,5.517,21.97,26.839,20.733,31.552,22.533,16.711
2018-12-19,16.22,3.07,5.475,21.64,28.392,20.988,33.107,23.591,16.451
2018-12-20,32.02,9.21,4.648,18.82,30.43,20.78,35.231,25.062,17.457
2018-12-21,27.4,7.69,3.388,20.55,32.187,21.029,36.102,25.644,22.196
2018-12-22,25.27,1.18,3.333,18.01,31.223,21.639,34.333,23.883,24.949
2018-12-23,22.89,0.28,4.339,14.75,28.873,20.789,31.56,21.358,23.363
2018-12-24,17.91,4.14,4.287,16.12,27.623,19.66,29.177,19.254,22.016
2018-12-25,14.62,0.08,5.293,15.66,25.492,19.172,26.601,17.06,20.869
2018-12-26,15.23,21.56,4.845,31.54,30.75,20.203,40.994,30.997,24.733
2018-12-27,22.63,6.3,5.334,35.38,33.365,25.312,45.749,35.031,28.865
2018-12-28,22.72,1.55,5.119,23.02,32.411,25.26,45.369,33.431,27.507
2018-12-29,22.05,0.4,5.324,17.18,29.937,21.544,42.082,29.776,25.478
2018-12-30,17.63,1.31,5.314,14.78,27.481,20.056,37.773,25.726,23.758
2018-12-31,14.6,7.38,4.65,15.93,27.419,19.813,35.421,23.717,22.3
2019-01-01,13.31,0.0,4.546,15.4,25.745,20.213,32.276,20.956,21.06
2019-01-02,11.17,0.2,5.302,13.66,23.442,19.851,29.281,18.173,19.998
2019-01-03,10.5,1.73,4.887,18.85,21.773,19.064,26.711,15.706,19.09
2019-01-04,14.41,19.9,4.789,28.48,26.94,19.729,38.72,27.13,21.702
2019-01-05,18.57,3.5,5.104,26.18,28.731,23.669,41.836,29.495,23.9
2019-01-06,19.53,4.61,4.897,19.91,28.87,23.153,41.835,28.315,22.364
2019-01-07,17.27,6.16,4.886,22.36,29.188,20.274,40.474,26.477,21.06
2019-01-08,18.72,5.28,4.798,20.55,29.248,19.913,38.209,24.228,19.952
2019-01-09,18.23,1.56,5.055,15.78,27.811,19.793,34.948,21.245,19.011
2019-01-10,15.6,5.61,3.906,14.31,27.298,19.294,32.69,19.223,18.209
2019-01-11,14.44,4.35,4.09,14.35,26.878,19.442,30.637,17.375,17.526
2019-01-12,13.43,4.45,4.31,15.37,26.43,19.209,28.984,15.816,16.942
2019-01-13,19.77,7.13,4.568,46.87,27.024,18.855,28.777,15.605,17.382
2019-01-14,54.51,28.86,4.969,58.08,35.637,24.241,57.36,43.054,39.408
2019-01-15,76.97,12.23,4.377,57.24,43.327,45.633,70.565,55.151,64.186
2019-01-16,77.86,0.43,4.752,48.03,44.953,53.373,71.825,54.292,63.452
2019-01-17,59.12,1.44,5.54,37.08,43.562,40.393,66.854,48.5,55.722
2019-01-18,95.45,9.36,4.736,35.45,42.302,32.374,62.396,44.65,49.204
2019-01-19,114.89,6.56,4.617,31.76,41.154,34.927,57.13,40.343,43.709
2019-01-20,89.05,3.72,4.754,26.58,38.855,35.895,51.383,35.242,39.074
2019-01-21,74.09,0.82,5.339,21.08,35.36,32.715,45.669,30.009,35.166
2019-01-22,54.05,1.13,4.94,18.7,31.815,30.262,40.631,25.304,31.871
2019-01-23,40.26,0.93,4.207,17.2,28.545,29.165,36.423,21.322,29.087
2019-01-24,38.29,18.01,3.678,47.7,32.056,30.811,44.675,29.99,29.419
2019-01-25,60.71,0.17,3.917,51.18,31.464,39.839,45.676,30.786,29.701
2019-01-26,55.07,0.93,4.476,28.16,29.624,38.548,44.064,28.362,27.262
2019-01-27,36.37,0.27,4.5,21.45,26.743,32.295,40.929,24.96,25.204
2019-01-28,28.12,0.03,4.239,18.64,23.859,30.144,37.351,21.552,23.462
2019-01-29,24.13,0.02,4.407,17.04,21.173,29.314,33.964,18.512,21.984
2019-01-30,22.44,0.13,4.271,20.46,18.925,28.536,31.032,15.94,20.728
2019-01-31,22.57,3.97,4.074,21.17,18.378,27.804,29.169,14.261,19.666
2019-02-01,27.64,1.49,4.289,17.26,17.715,27.114,27.447,12.697,18.763
2019-02-02,33.51,3.66,5.201,16.37,17.733,26.459,26.357,11.662,17.995
2019-02-03,27.02,6.69,4.818,23.86,19.167,25.904,26.705,12.016,17.342
2019-02-04,35.82,1.0,4.818,23.42,18.995,25.571,26.013,11.423,16.785
2019-02-05,41.78,1.29,4.312,16.67,18.181,24.991,24.974,10.506,16.306
2019-02-06,33.09,0.09,4.801,14.59,16.863,24.294,23.708,9.536,15.89
2019-02-07,25.9,2.21,4.798,14.33,16.18,23.739,22.59,8.712,15.53
2019-02-08,22.69,0.23,5.447,13.73,15.085,23.243,21.43,7.931,15.212
2019-02-09,20.05,0.0,4.574,12.81,13.839,22.769,20.336,7.222,14.93
2019-02-10,17.99,0.16,4.468,12.2,12.773,22.315,19.334,6.593,14.679
2019-02-11,16.3,3.23,5.248,12.68,12.928,21.88,18.8,6.281,14.457
2019-02-12,16.71,1.77,4.577,12.38,13.041,21.463,18.21,5.906,14.256
2019-02-13,16.86,0.0,3.758,11.38,12.443,21.063,17.515,5.48,14.073
2019-02-14,14.81,0.01,3.254,10.92,11.625,20.679,16.789,5.057,13.906
2019-02-15,52.25,51.03,3.606,82.34,28.845,25.793,110.046,83.231,46.434
2019-02-16,168.67,7.22,3.609,101.34,36.77,49.321,141.22,106.431,77.165
2019-02-17,126.54,5.85,4.448,53.53,38.296,52.464,146.635,104.977,71.707
2019-02-18,93.46,0.95,4.29,84.53,36.135,40.081,135.277,93.025,63.835
2019-02-19,114.39,21.71,3.943,88.07,46.155,39.274,134.299,96.257,69.008
2019-02-20,86.19,4.07,3.607,59.52,54.238,60.57,121.87,87.881,73.807
2019-02-21,78.66,1.84,3.562,46.98,52.256,58.787,106.869,75.444,64.792
2019-02-22,70.01,0.63,3.763,38.53,47.192,45.471,92.049,62.812,56.772
2019-02-23,64.0,6.66,3.811,47.34,43.973,41.645,80.661,53.158,50.012
2019-02-24,67.07,1.11,3.703,43.98,39.926,43.546,70.645,44.209,44.313
2019-02-25,53.4,17.37,4.222,74.78,44.985,46.094,73.346,48.427,47.262
2019-02-26,81.76,6.87,4.334,76.14,51.372,60.992,72.03,47.34,52.061
2019-02-27,74.67,1.28,4.347,45.41,50.528,62.014,68.043,42.509,48.373
2019-02-28,62.14,0.34,4.667,37.08,46.375,51.788,62.867,36.753,42.97
2019-03-01,50.76,0.0,4.153,32.93,41.153,46.068,57.531,31.285,38.417
2019-03-02,42.24,0.0,4.251,30.16,36.269,43.739,52.652,26.545,34.575
2019-03-03,36.06,0.0,4.637,27.97,31.934,41.993,48.472,22.613,31.33
2019-03-04,31.43,0.06,4.08,26.09,28.196,40.392,44.998,19.42,28.588
2019-03-05,28.5,0.29,4.038,24.66,25.105,38.918,42.137,16.861,26.27
2019-03-06,33.05,6.87,4.087,29.56,24.859,37.75,41.455,16.44,24.315
2019-03-07,97.91,25.19,4.329,65.73,32.291,40.619,62.827,38.964,33.79
2019-03-08,113.44,2.86,4.306,66.54,34.272,53.106,68.741,44.547,41.795
2019-03-09,75.06,14.32,4.051,67.8,40.43,53.456,75.486,50.891,45.438
2019-03-10,88.71,1.99,4.165,62.73,43.001,56.451,73.54,48.772,48.523
2019-03-11,67.47,0.32,3.988,39.85,41.882,52.563,68.087,43.486,43.138
2019-03-12,77.45,23.36,3.723,98.19,53.073,51.263,81.079,59.688,51.108
2019-03-13,151.5,5.81,3.684,108.2,62.834,74.071,82.129,61.852,59.777
2019-03-14,140.15,2.09,3.652,65.87,61.666,74.076,77.98,57.042,54.605
2019-03-15,115.96,0.1,4.201,51.41,56.492,60.122,71.158,49.99,48.324
2019-03-16,99.26,2.01,3.712,46.87,50.795,53.336,63.909,42.946,43.035
2019-03-17,87.36,5.44,3.359,45.12,47.041,51.083,58.223,37.735,38.58
2019-03-18,78.56,5.56,3.681,57.0,44.345,51.614,53.94,33.922,34.829
2019-03-19,80.67,1.92,4.248,55.01,40.918,51.534,49.817,30.015,31.672
2019-03-20,70.74,0.33,4.146,41.08,36.848,48.396,46.071,26.42,29.014
2019-03-21,58.18,1.15,3.516,36.3,33.233,45.24,42.833,23.34,26.776
2019-03-22,50.1,3.28,3.049,41.21,30.806,43.236,40.418,21.105,24.894
2019-03-23,46.45,0.26,3.279,39.99,28.088,41.729,38.156,19.141,23.305
2019-03-24,44.41,0.09,2.608,32.68,25.343,40.179,36.133,17.475,21.964
2019-03-25,38.6,0.01,3.883,29.7,22.834,38.662,34.325,16.095,20.829
2019-03-26,33.73,2.72,3.751,29.38,21.591,37.299,32.972,15.129,19.871
2019-03-27,35.21,0.28,3.767,27.65,20.116,36.048,31.603,14.239,19.058
2019-03-28,34.87,0.0,3.451,25.12,18.488,34.88,30.293,13.441,18.366
2019-03-29,31.73,0.08,3.098,23.58,17.002,33.785,29.046,12.738,17.777
2019-03-30,28.64,0.0,3.3,22.28,15.672,32.759,27.869,12.123,17.274
2019-03-31,26.41,0.0,3.216,21.13,14.487,31.796,26.76,11.577,16.841
2019-04-01,24.92,0.31,3.025,20.08,13.517,30.888,25.72,11.086,16.469
2019-04-02,24.1,0.33,2.937,19.16,12.818,30.033,24.74,10.641,16.147
2019-04-03,22.8,0.1,3.077,18.31,12.091,29.226,23.807,10.233,15.867
2019-04-04,21.63,0.96,2.835,19.37,11.805,28.462,22.951,9.852,15.623
2019-04-05,23.1,17.64,3.031,40.71,17.584,28.342,33.307,20.615,18.343
2019-04-06,42.36,22.7,3.057,85.9,27.064,33.059,54.615,42.852,38.447
2019-04-07,82.44,15.01,3.092,86.49,36.688,47.899,68.356,56.967,63.297
2019-04-08,82.51,8.12,2.935,56.56,45.284,60.539,72.049,59.899,71.18
2019-04-09,88.57,0.12,2.534,39.23,46.456,59.025,68.168,55.513,67.044
2019-04-10,67.71,0.0,2.575,31.39,43.811,48.744,61.13,48.769,58.864
2019-04-11,54.48,0.0,3.704,27.96,38.976,42.008,53.463,41.889,51.971
2019-04-12,45.87,0.0,3.467,25.81,34.328,39.634,46.506,35.727,46.16
2019-04-13,37.72,0.0,3.621,24.24,30.141,38.194,40.747,30.536,41.257
2019-04-14,32.56,0.05,2.989,22.97,26.505,36.861,36.207,26.293,37.119
2019-04-15,29.66,0.01,2.451,21.88,23.38,35.628,32.709,22.889,33.627
2019-04-16,29.07,18.29,2.537,56.32,27.178,36.946,42.056,33.49,34.653
2019-04-17,42.45,0.07,3.093,58.63,27.162,45.782,43.805,35.204,35.524
2019-04-18,38.14,0.0,2.802,33.98,25.031,44.112,42.678,33.173,32.295
2019-04-19,31.64,0.0,2.876,27.78,22.584,37.772,39.861,29.92,29.574
2019-04-20,26.53,1.2,3.219,25.35,20.651,35.362,36.538,26.564,27.281
2019-04-21,23.7,13.9,2.421,41.45,23.59,36.023,40.245,31.32,26.035
2019-04-22,27.14,6.28,2.966,43.59,25.915,42.836,41.033,32.564,27.992
2019-04-23,28.82,0.23,2.611,31.16,25.009,44.264,39.42,30.769,28.96
2019-04-24,25.65,0.08,2.922,25.9,23.252,39.243,36.701,27.971,26.776
2019-04-25,21.92,0.02,2.683,23.65,20.908,35.713,33.657,25.091,24.936
2019-04-26,18.83,0.07,2.838,22.23,18.708,34.235,30.776,22.494,23.385
2019-04-27,21.8,13.71,2.761,43.7,21.888,34.898,35.029,27.908,22.345
2019-04-28,55.56,23.84,2.533,72.84,46.945,46.795,55.551,52.305,40.785
2019-04-29,79.71,0.07,2.876,59.11,60.42,70.792,60.658,57.546,56.09
2019-04-30,57.91,0.1,2.694,36.2,58.508,64.313,59.342,54.64,49.704
2019-05-01,43.87,15.93,2.525,50.88,62.666,53.768,63.579,60.447,51.582
2019-05-02,52.31,0.55,2.648,47.38,62.579,67.233,60.468,57.704,53.18
2019-05-03,44.73,0.11,2.378,33.29,58.842,64.059,55.1,51.871,47.283
2019-05-04,37.71,1.28,2.124,29.51,52.598,53.466,49.124,45.537,42.316
2019-05-05,33.36,0.15,1.965,27.4,46.503,49.255,43.49,39.732,38.133
2019-05-06,31.36,23.66,2.458,100.97,57.981,54.173,58.833,60.009,47.463
2019-05-07,77.89,0.45,2.668,109.31,63.318,82.091,61.377,63.204,55.351
2019-05-08,67.19,0.08,2.213,58.19,61.093,77.792,59.212,59.278,49.17
2019-05-09,53.86,0.73,2.596,46.16,54.964,61.82,54.4,53.064,43.964
2019-05-10,46.89,0.55,2.232,41.61,49.046,55.835,48.804,46.68,39.581
2019-05-11,39.41,8.7,2.535,51.98,46.489,54.942,46.234,44.408,35.891
2019-05-12,38.92,2.14,2.525,51.32,43.311,59.68,42.743,40.78,32.785
2019-05-13,40.03,7.4,2.319,52.16,43.517,58.564,41.213,39.348,32.856
2019-05-14,43.22,0.36,2.397,49.36,40.977,59.677,38.61,36.565,32.926
2019-05-15,41.59,0.01,2.303,40.0,39.609,56.185,35.87,33.519,30.307
2019-05-16,33.53,0.15,1.874,36.7,35.564,50.892,33.243,30.705,28.103
2019-05-17,30.01,0.23,2.135,34.55,31.946,47.996,30.891,28.293,26.249
2019-05-18,28.29,0.04,2.213,32.81,28.731,45.967,28.861,26.291,24.69
2019-05-19,27.95,0.0,1.955,31.28,25.907,44.093,27.137,24.651,23.378
2019-05-20,27.01,0.0,1.041,29.88,23.469,42.362,25.671,23.314,22.273
2019-05-21,24.97,0.0,1.799,28.57,21.382,40.765,24.408,22.23,21.34
2019-05-22,23.5,1.55,2.241,29.73,20.103,39.283,23.387,21.371,20.555
2019-05-23,23.29,12.25,1.764,40.02,22.908,39.579,27.819,27.102,19.894
2019-05-24,25.19,6.39,1.898,41.22,25.472,45.982,30.109,30.122,22.605
2019-05-25,26.97,0.06,2.195,32.87,24.966,48.341,29.972,30.045,24.897
2019-05-26,23.91,0.0,1.915,28.04,23.299,43.385,28.59,28.717,23.569
2019-05-27,20.48,0.01,2.443,26.03,21.398,39.204,26.667,27.037,22.451
2019-05-28,66.18,55.21,2.168,115.69,88.392,55.356,134.722,143.777,107.348
2019-05-29,174.37,0.23,2.061,118.59,127.676,142.495,168.02,175.272,178.963
2019-05-30,142.33,52.02,1.857,178.54,197.375,166.841,269.071,297.181,249.25
2019-05-31,346.74,39.98,2.264,286.87,291.6,347.182,343.344,413.767,383.62
2019-06-01,389.99,2.24,1.923,228.13,315.31,500.356,345.027,415.74,401.553
2019-06-02,305.43,3.4,2.104,144.14,295.328,368.447,315.033,373.613,342.797
2019-06-03,230.23,0.51,1.935,114.12,263.154,269.682,271.98,318.654,292.974
2019-06-04,163.13,0.09,1.753,100.14,230.909,218.23,228.688,265.092,249.795
2019-06-05,110.7,0.0,1.771,90.8,199.873,185.652,191.213,218.258,213.391
2019-06-06,65.22,0.0,1.571,83.44,172.355,161.456,161.307,179.42,182.701
2019-06-07,20.78,0.0,1.907,77.19,148.515,142.665,138.531,148.144,156.829
2019-06-11,72.67,0.0,1.94,58.49,128.242,127.528,121.596,123.371,135.02
2019-06-12,74.29,0.0,1.595,54.9,111.134,115.102,109.087,103.939,116.634
2019-06-13,76.33,0.0,1.738,51.63,96.782,104.751,99.765,88.789,101.132
2019-06-14,80.91,0.0,1.826,48.65,84.784,96.008,92.666,77.005,88.062
2019-06-15,85.84,0.0,1.579,45.93,74.767,88.535,87.083,67.838,77.042
2019-06-16,86.19,0.0,1.589,43.44,66.405,82.085,82.526,60.702,67.749
2019-06-17,81.8,0.0,1.693,41.16,59.414,76.47,78.661,55.127,59.913
2019-06-18,74.11,0.0,1.027,39.07,53.556,71.541,75.268,50.747,53.306
2019-06-19,60.36,0.0,1.344,37.15,48.624,67.188,72.206,47.293,47.733
2019-06-20,44.72,0.0,1.653,35.38,44.426,63.316,69.383,44.54,43.032
2019-06-21,35.28,0.0,1.99,33.75,40.883,59.849,66.739,42.313,39.064
2019-06-22,30.21,0.0,1.857,32.24,37.882,56.729,64.239,40.477,35.714
2019-06-23,26.75,0.0,2.007,30.85,35.304,53.91,61.858,38.937,32.885
2019-06-24,24.48,0.03,1.802,29.56,33.086,51.351,59.581,37.616,30.495
2019-06-25,23.15,0.0,1.718,28.37,30.607,49.019,57.396,36.464,28.474
2019-06-26,25.4,26.48,1.476,66.71,38.371,51.085,80.545,69.261,39.123
2019-06-27,40.02,2.14,1.661,66.27,40.315,66.525,86.747,78.166,48.549
2019-06-28,33.0,0.44,1.782,40.63,38.662,63.931,86.0,76.467,44.156
2019-06-29,26.63,0.08,1.917,34.57,36.472,53.758,81.111,70.822,40.018
2019-06-30,25.3,0.0,1.959,31.73,33.996,49.379,74.663,64.249,36.529
2019-07-01,26.38,12.77,1.713,59.93,36.629,49.963,74.079,66.574,38.953
2019-07-02,38.76,6.03,1.621,63.8,41.071,60.667,71.522,65.572,45.003
2019-07-03,40.24,0.87,1.751,44.51,42.363,63.727,67.403,61.528,44.751
2019-07-04,34.57,0.0,1.439,36.77,41.349,56.065,62.795,56.69,40.547
2019-07-05,28.65,0.15,1.517,33.67,38.159,50.079,58.297,52.056,37.003
2019-07-06,25.73,0.0,1.354,31.81,35.025,47.371,54.241,47.988,34.016
2019-07-07,23.84,0.0,1.764,30.41,32.142,45.417,50.733,44.557,31.499
2019-07-08,22.05,0.0,1.827,29.22,29.582,43.605,47.747,41.706,29.377
2019-07-09,20.41,0.0,1.467,28.16,27.347,41.921,45.201,39.346,27.587
2019-07-10,19.16,0.06,1.631,27.18,25.436,40.359,43.002,37.392,26.078
2019-07-11,18.2,0.0,1.773,26.26,23.781,38.909,41.068,35.756,24.802
2019-07-12,16.99,0.02,2.303,25.39,22.358,37.555,39.332,34.365,23.721
2019-07-13,15.88,0.0,2.488,24.56,21.128,36.289,37.746,33.153,22.803
2019-07-14,15.09,0.07,2.165,24.12,20.089,35.105,36.275,32.074,22.023
2019-07-15,14.75,4.12,1.634,25.05,20.63,34.218,35.503,31.728,21.362
2019-07-16,15.23,0.01,2.167,23.92,20.321,34.048,34.39,31.075,20.802
2019-07-17,14.88,0.0,2.217,22.32,19.553,33.016,33.171,30.278,20.323
2019-07-18,14.17,0.01,1.643,21.51,18.731,31.611,31.906,29.446,19.912
2019-07-19,13.25,0.09,1.883,20.84,17.973,30.612,30.652,28.632,19.558
2019-07-20,13.39,0.0,2.115,20.23,17.256,29.772,29.441,27.848,19.252
2019-07-21,13.62,0.0,2.159,19.67,16.514,28.979,28.288,27.094,18.984
2019-07-22,14.44,0.0,1.934,19.14,15.931,28.228,27.195,26.366,18.749
2019-07-23,14.26,0.0,2.117,18.65,15.414,27.516,26.158,25.663,18.54
2019-07-24,14.15,0.0,2.054,18.18,14.951,26.841,25.173,24.979,18.355
2019-07-25,14.1,0.02,2.314,17.75,14.541,26.2,24.234,24.311,18.187
2019-07-26,14.06,0.01,2.394,17.33,14.125,25.59,23.337,23.654,18.034
2019-07-27,13.9,0.06,1.876,16.94,13.773,25.01,22.478,23.006,17.893
2019-07-28,13.64,0.0,2.345,16.57,13.48,24.457,21.653,22.371,17.763
2019-07-29,13.33,0.0,2.471,16.22,13.204,23.929,20.861,21.742,17.64
2019-07-30,13.94,5.71,2.101,22.52,14.96,23.48,21.271,22.258,17.527
2019-07-31,15.39,0.0,2.026,21.81,15.4,23.211,20.911,22.018,17.422
2019-08-01,14.45,0.0,1.935,17.47,15.086,22.737,20.257,21.426,17.325
2019-08-02,13.31,0.63,2.209,16.34,14.815,22.162,19.451,20.707,17.231
2019-08-03,12.35,0.0,2.344,15.7,14.36,21.704,18.585,19.965,17.139
2019-08-04,11.84,0.0,2.657,15.21,13.836,21.294,17.738,19.236,17.047
2019-08-05,11.32,0.0,2.575,14.83,13.331,20.901,16.941,18.534,16.956
2019-08-06,11.13,0.0,2.62,14.51,12.866,20.523,16.204,17.863,16.864
2019-08-07,11.12,0.0,2.744,14.28,12.446,20.16,15.526,17.221,16.772
2019-08-08,11.49,0.23,2.753,13.99,12.153,19.811,14.9,16.605,16.679
2019-08-09,11.65,0.0,2.573,13.73,11.835,19.475,14.315,16.012,16.586
2019-08-10,11.72,0.05,2.628,13.5,11.555,19.151,13.766,15.44,16.491
2019-08-11,11.31,0.05,3.299,13.29,11.305,18.838,13.246,14.885,16.394
2019-08-12,11.23,0.0,3.066,13.09,11.061,18.537,12.752,14.342,16.296
2019-08-13,10.89,0.24,2.701,12.9,10.915,18.247,12.282,13.809,16.197
2019-08-14,10.62,0.0,2.684,12.72,10.731,17.966,11.831,13.291,16.096
2019-08-15,10.29,0.0,2.33,12.55,10.532,17.695,11.397,12.785,15.995
2019-08-16,10.14,0.0,2.588,12.38,10.34,17.433,10.98,12.292,15.893
2019-08-17,10.16,0.0,2.314,12.23,10.159,17.179,10.578,11.811,15.79
2019-08-18,10.36,0.88,2.707,16.47,10.3,16.934,10.22,11.343,15.687
2019-08-19,11.91,13.26,3.532,25.51,14.928,16.779,16.18,16.926,15.586
2019-08-20,15.44,0.43,2.953,22.86,16.504,16.868,17.848,18.223,15.488
2019-08-21,14.9,0.0,2.973,15.9,16.175,16.626,17.786,17.635,15.392
2019-08-22,12.7,0.02,2.888,18.83,15.348,16.193,16.691,16.348,15.299
2019-08-23,11.55,4.48,3.522,18.28,15.978,15.942,15.928,15.471,15.207
2019-08-24,11.36,0.0,3.374,14.43,15.564,15.781,14.671,14.259,15.116
2019-08-25,11.72,0.0,3.677,13.23,14.648,15.578,13.392,13.01,15.022
2019-08-26,11.2,0.0,2.336,12.64,13.68,15.351,12.218,11.849,14.928
2019-08-27,10.5,0.0,2.361,12.25,12.77,15.154,11.206,10.824,14.832
2019-08-28,10.17,0.04,3.367,11.97,11.974,14.97,10.365,9.934,14.734
2019-08-29,10.09,0.0,3.267,11.75,11.275,14.791,9.674,9.16,14.633
2019-08-30,10.17,0.0,3.578,11.56,10.669,14.616,9.103,8.483,14.531
2019-08-31,10.14,4.53,2.415,13.21,11.752,14.455,9.361,8.44,14.431
2019-09-01,10.24,6.9,2.812,13.28,14.291,14.365,10.897,9.541,14.333
2019-09-02,10.46,0.15,3.585,11.95,14.727,14.368,11.115,9.499,14.238
2019-09-03,9.91,0.15,3.699,11.42,14.156,14.18,10.779,8.971,14.144
2019-09-04,8.99,0.22,2.971,11.15,13.383,13.906,10.141,8.286,14.048
2019-09-05,7.93,0.55,2.682,11.04,12.711,13.728,9.424,7.592,13.952
2019-09-06,7.14,8.2,3.242,21.62,14.834,13.644,11.146,9.047,13.858
2019-09-07,9.58,0.17,3.607,22.13,15.109,13.74,11.303,9.082,13.766
2019-09-08,12.61,0.0,2.152,14.51,14.318,13.587,10.887,8.52,13.676
2019-09-09,10.95,0.0,2.086,12.59,13.316,13.282,10.153,7.771,13.585
2019-09-10,8.3,0.0,2.283,11.76,12.322,13.108,9.332,7.014,13.493
2019-09-11,7.17,0.0,2.848,11.29,11.413,12.977,8.559,6.318,13.401
2019-09-12,6.88,0.57,2.038,11.06,10.812,12.849,7.897,5.7,13.308
2019-09-13,7.06,0.5,1.992,10.84,10.326,12.725,7.347,5.165,13.216
2019-09-14,6.8,0.05,1.962,10.59,9.816,12.603,6.885,4.703,13.124
2019-09-15,6.48,0.0,2.445,10.42,9.298,12.484,6.496,4.301,13.031
2019-09-16,6.09,0.0,2.539,10.28,8.828,12.368,6.164,3.947,12.937
2019-09-17,6.29,0.0,2.758,10.16,8.403,12.254,5.876,3.637,12.843
2019-09-18,8.06,8.74,2.787,15.1,11.138,12.192,8.366,5.695,12.751
2019-09-19,8.49,16.19,3.085,40.24,17.6,12.831,18.44,14.687,19.627
2019-09-20,26.59,31.37,2.956,56.46,30.226,19.384,56.809,49.942,51.187
2019-09-21,58.35,1.03,3.903,37.87,33.456,37.328,68.055,58.429,70.866
2019-09-22,38.0,0.0,3.188,21.28,31.634,34.7,67.842,55.493,61.724
2019-09-23,23.18,0.0,2.984,16.72,28.516,21.826,61.178,48.494,54.013
2019-09-24,20.77,0.2,2.49,14.6,25.249,18.591,52.323,40.733,47.507
2019-09-25,20.23,0.0,2.794,13.34,22.109,18.272,43.729,33.571,42.015
2019-09-26,19.18,0.0,3.28,12.52,19.278,17.973,36.455,27.456,37.375
2019-09-27,16.09,0.0,3.562,11.96,16.849,17.687,30.738,22.438,33.454
2019-09-28,15.07,0.0,2.46,11.54,14.789,17.414,26.427,18.407,30.14
2019-09-29,14.12,0.0,2.614,11.22,13.065,17.154,23.244,15.213,27.338
2019-09-30,13.28,0.0,1.728,10.96,11.635,16.907,20.9,12.699,24.967
2019-10-01,12.61,0.0,2.206,10.73,10.434,16.669,19.154,10.73,22.959
2019-10-02,11.05,0.45,3.089,12.86,9.633,16.438,17.83,9.185,21.257
2019-10-03,10.67,4.06,3.344,12.52,10.336,16.238,17.373,8.414,19.816
2019-10-04,10.42,0.27,3.637,10.9,10.269,16.107,16.703,7.581,18.591
2019-10-05,9.5,2.62,3.139,15.77,10.619,15.893,16.241,6.942,17.551
2019-10-06,10.82,19.64,2.796,32.31,17.211,16.748,29.481,19.573,21.627
2019-10-07,15.59,1.01,2.954,28.38,19.252,20.877,33.261,22.774,25.065
2019-10-08,17.1,0.0,3.187,16.49,18.393,20.45,33.214,21.89,23.007
2019-10-09,13.86,0.0,3.534,13.49,16.791,17.318,30.902,19.523,21.267
2019-10-10,11.23,0.01,3.335,12.13,15.063,16.394,27.75,16.845,19.794
2019-10-11,9.9,0.0,3.345,11.36,13.425,16.167,24.615,14.343,18.543
2019-10-12,9.58,0.0,3.306,10.85,11.956,15.949,21.88,12.183,17.479
2019-10-13,8.84,2.15,3.152,12.26,11.42,15.74,19.812,10.471,16.575
2019-10-14,9.39,9.28,3.202,19.03,13.832,15.802,21.194,11.913,15.807
2019-10-15,24.24,2.48,2.79,18.13,14.801,16.625,21.024,11.712,15.153
2019-10-16,25.69,0.06,2.399,13.21,14.155,16.38,20.115,10.746,14.597
2019-10-17,24.27,1.09,2.926,23.6,13.342,15.496,18.877,9.588,14.121
2019-10-18,28.39,9.37,3.616,23.99,15.518,15.473,20.682,11.423,13.715
2019-10-19,34.87,0.39,3.379,14.99,15.581,16.562,20.419,11.304,13.367
2019-10-20,27.56,1.54,4.234,13.34,14.935,16.312,19.524,10.433,13.068
2019-10-21,21.83,11.28,3.429,23.45,17.681,15.814,22.789,13.703,12.81
2019-10-22,24.98,0.03,4.43,22.98,17.643,17.576,22.861,13.904,12.588
2019-10-23,25.2,0.0,4.211,14.62,16.165,17.278,21.778,12.843,12.395
2019-10-24,20.35,0.14,3.742,12.4,14.503,15.618,20.109,11.403,12.223
2019-10-25,16.4,0.15,2.776,11.38,12.926,15.079,18.326,9.969,12.07
2019-10-26,14.07,0.53,3.053,10.76,11.651,14.895,16.695,8.693,11.933
2019-10-27,13.63,18.38,3.46,38.97,16.915,15.687,27.452,19.272,15.024
2019-10-28,36.51,11.75,3.945,38.39,22.141,20.328,35.141,26.649,24.708
2019-10-29,42.73,0.2,4.449,19.72,22.394,24.044,36.33,27.018,29.67
2019-10-30,30.53,3.26,4.063,20.93,21.695,21.071,34.702,24.864,26.782
2019-10-31,24.98,2.38,4.196,21.76,20.578,17.512,31.553,21.836,24.344
2019-11-01,24.08,0.0,4.029,16.64,18.567,16.63,27.913,18.694,22.285
2019-11-02,19.96,0.14,3.421,17.02,16.381,16.391,24.524,15.851,20.543
2019-11-03,18.47,5.24,4.659,16.77,16.162,16.198,22.647,14.28,19.07
2019-11-04,19.38,5.31,3.57,17.61,16.824,16.252,21.678,13.406,17.824
2019-11-05,32.46,23.54,4.021,44.57,24.114,19.206,40.198,31.739,26.26
2019-11-06,100.71,0.19,3.954,41.64,25.332,29.563,45.095,35.892,33.384
2019-11-07,67.41,0.59,4.07,21.4,23.541,28.44,44.606,33.997,29.914
2019-11-08,51.61,0.44,5.016,16.41,21.083,21.109,40.973,29.982,26.986
2019-11-09,47.98,0.73,3.88,72.52,18.717,19.117,36.262,25.596,24.513
2019-11-10,108.46,45.01,3.652,91.47,37.637,27.411,104.727,90.984,49.608
2019-11-11,119.88,0.53,4.272,51.62,46.985,64.544,124.093,106.877,70.802
2019-11-12,75.76,0.01,4.919,30.86,46.62,62.056,124.198,101.649,61.527
2019-11-13,53.31,2.1,5.111,25.61,42.428,39.847,113.114,88.969,53.709
2019-11-14,46.69,15.78,4.457,39.61,43.191,36.359,106.819,84.945,47.121
2019-11-15,49.86,0.12,4.836,35.99,40.277,45.991,94.655,74.754,41.57
2019-11-16,42.04,0.0,4.991,23.83,35.823,44.304,82.199,63.261,36.893
2019-11-17,30.54,0.0,4.158,20.47,31.221,37.531,70.917,52.573,32.949
2019-11-18,24.29,0.0,4.592,18.59,27.032,35.018,61.503,43.416,29.619
2019-11-19,21.28,0.03,5.271,17.26,23.382,33.897,54.037,35.881,26.807
2019-11-20,20.37,0.0,5.35,16.22,20.256,32.855,48.28,29.81,24.429
2019-11-21,18.33,0.0,4.652,15.34,17.561,31.881,43.882,24.973,22.417
2019-11-22,16.87,0.03,4.96,14.58,15.342,30.967,40.5,21.145,20.714
2019-11-23,15.23,2.0,5.967,14.78,14.234,30.106,37.993,18.184,19.271
2019-11-24,15.97,0.09,4.974,13.91,12.988,29.294,35.9,15.801,18.045
2019-11-25,14.81,0.0,3.865,12.96,11.713,28.527,34.123,13.881,17.004
2019-11-26,13.68,12.51,4.462,46.14,14.999,27.961,38.195,17.877,16.121
2019-11-27,46.42,40.87,4.407,84.52,30.331,33.704,98.821,76.434,45.414
2019-11-28,77.57,1.6,4.534,63.22,34.881,57.374,117.113,91.543,70.148
2019-11-29,54.39,0.07,4.513,32.55,33.797,54.826,118.002,87.935,60.999
2019-11-30,32.1,0.0,4.859,24.51,30.327,40.608,108.652,77.513,53.287
2019-12-01,23.15,3.19,5.122,26.27,27.759,36.265,95.886,65.929,46.783
2019-12-02,22.66,0.0,5.314,24.77,24.619,35.061,82.932,54.94,41.293
2019-12-03,21.07,0.2,4.701,19.48,21.484,33.944,71.662,45.404,36.659
2019-12-04,28.13,18.27,3.539,54.46,25.065,34.654,74.571,50.332,35.794
2019-12-05,37.52,9.9,4.341,55.42,28.053,41.8,74.869,51.53,40.11
2019-12-06,48.39,0.17,4.831,32.14,26.921,44.89,71.152,47.26,40.72
2019-12-07,38.97,0.0,4.941,24.05,24.14,39.833,65.761,41.308,36.201
2019-12-08,26.2,0.0,4.436,24.0,21.136,35.481,59.95,35.368,32.389
2019-12-09,21.51,15.16,4.177,42.26,23.628,35.272,62.805,39.105,29.176
2019-12-10,32.39,1.32,3.759,41.3,23.426,39.999,60.844,37.306,26.468
2019-12-11,53.63,11.25,4.147,47.44,25.493,39.934,61.926,38.516,28.059
2019-12-12,51.05,3.4,4.553,51.94,25.581,40.914,59.651,36.165,29.406
2019-12-13,45.33,0.15,4.227,36.5,23.936,38.857,55.879,32.312,26.677
2019-12-14,35.44,0.33,4.964,26.37,21.23,35.1,51.654,28.294,24.376
2019-12-15,28.66,2.84,4.631,31.36,19.513,33.39,47.887,24.853,22.438
2019-12-16,33.96,21.37,5.524,46.81,26.591,34.869,60.829,39.688,24.858
2019-12-17,46.95,17.35,5.293,86.44,42.069,47.222,73.871,54.729,37.839
2019-12-18,90.74,8.02,5.517,73.62,52.571,59.88,77.797,58.338,47.025
2019-12-19,90.88,0.41,5.475,41.26,51.651,55.995,74.865,54.427,43.86
2019-12-20,67.6,3.26,4.648,33.06,48.314,46.388,69.166,48.336,38.93
2019-12-21,50.19,0.91,3.388,29.23,43.34,41.597,62.376,41.794,34.777
2019-12-22,38.87,0.16,3.333,26.67,38.01,39.699,55.899,35.813,31.28
2019-12-23,30.59,0.0,4.339,24.69,33.128,38.276,50.311,30.713,28.328
2019-12-24,26.21,0.0,4.287,23.03,28.788,36.942,45.735,26.505,25.836
2019-12-25,21.62,0.0,5.293,21.57,25.037,35.7,42.071,23.094,23.729
2019-12-26,19.74,0.07,4.845,20.26,21.86,34.546,39.144,20.338,21.947
2019-12-27,18.58,0.01,5.334,19.09,19.184,33.468,36.776,18.117,20.437
2019-12-28,17.11,0.0,5.119,18.03,16.93,32.46,34.815,16.312,19.155
2019-12-29,15.4,0.01,5.324,17.08,14.991,31.514,33.146,14.834,18.066
2019-12-30,13.31,0.38,5.314,16.21,13.532,30.623,31.689,13.607,17.138
2019-12-31,12.84,4.11,4.65,16.56,13.728,29.783,30.984,13.054,16.351
2020-01-01,13.1,8.81,4.546,29.86,16.237,29.05,32.763,14.981,15.683
2020-01-02,18.43,6.53,5.302,28.98,18.603,28.568,34.09,16.393,15.117
2020-01-03,18.91,0.76,4.887,19.07,18.482,27.957,33.594,16.008,14.635
2020-01-04,14.22,15.87,4.789,45.93,22.749,27.649,41.277,23.921,15.195
2020-01-05,24.35,1.42,5.104,47.21,23.485,28.916,42.474,25.251,15.666
2020-01-06,19.76,0.9,4.897,25.51,22.136,28.154,41.117,23.783,15.089
2020-01-07,15.79,0.78,4.886,19.88,20.28,26.36,38.372,21.371,14.599
2020-01-08,15.18,0.72,4.798,17.38,18.363,25.48,35.223,18.838,14.177
2020-01-09,15.84,29.82,5.055,88.84,26.848,27.324,64.241,47.514,25.958
2020-01-10,38.57,3.81,3.906,102.84,29.76,36.47,72.357,54.623,35.906
2020-01-11,33.45,15.88,4.09,59.02,33.604,38.1,80.842,61.793,42.773
2020-01-12,27.66,1.13,4.31,42.35,32.943,42.762,78.158,58.588,48.577
2020-01-13,21.0,0.12,4.568,31.91,29.796,40.095,71.154,51.656,42.883
2020-01-14,16.6,0.11,4.969,27.69,26.16,33.205,62.779,44.059,38.082
2020-01-15,13.28,0.58,4.377,25.13,22.847,30.853,54.832,37.052,34.03
2020-01-16,12.86,9.47,4.752,31.51,23.091,30.529,51.291,34.356,30.614
2020-01-17,20.42,0.17,5.54,30.15,21.525,31.891,46.898,30.38,27.732
2020-01-18,19.34,0.0,4.736,23.45,19.041,30.986,42.823,26.301,25.296
2020-01-19,16.13,0.01,4.617,21.1,16.595,28.996,39.18,22.624,23.235
2020-01-20,13.44,0.0,4.754,19.57,14.394,27.967,36.056,19.494,21.489
2020-01-21,11.86,0.0,5.339,18.37,12.49,27.266,33.445,16.902,20.008
2020-01-22,11.44,0.99,4.94,17.75,11.228,26.603,31.319,14.78,18.75
2020-01-23,11.16,0.32,4.207,16.91,10.113,25.973,29.534,13.052,17.68
2020-01-24,10.97,0.75,3.678,16.36,9.286,25.374,28.035,11.642,16.77
2020-01-25,10.66,0.13,3.917,15.61,8.438,24.804,26.723,10.489,15.993
2020-01-26,10.49,0.0,4.476,14.56,7.592,24.26,25.554,9.533,15.327
2020-01-27,9.78,0.0,4.5,13.88,6.85,23.741,24.494,8.727,14.754
2020-01-28,9.81,3.85,4.239,14.23,7.595,23.245,24.049,8.421,14.264
2020-01-29,9.76,11.22,4.407,27.21,11.453,22.848,27.834,12.108,13.843
2020-01-30,14.96,21.97,4.271,57.89,20.072,23.912,45.817,29.422,25.394
2020-01-31,31.36,0.64,4.074,48.71,22.22,28.262,50.701,33.496,35.146
2020-02-01,24.67,0.03,4.289,25.46,20.921,27.374,50.071,31.9,31.469
2020-02-02,17.24,4.93,5.201,19.62,20.489,23.943,47.192,29.013,28.366
2020-02-03,11.52,1.09,4.818,17.61,19.058,22.779,42.691,25.225,25.746
2020-02-04,8.97,0.4,4.818,15.88,17.088,22.322,38.052,21.49,23.527
2020-02-05,8.62,0.92,4.312,14.62,15.237,21.884,33.925,18.179,21.649
2020-02-06,10.06,7.23,4.801,26.64,15.91,21.556,32.354,17.068,20.061
2020-02-07,10.34,3.27,4.798,31.31,16.166,21.508,30.565,15.517,18.717
2020-02-08,11.05,1.36,5.447,21.9,15.387,21.103,28.643,13.702,17.576
2020-02-09,10.61,7.5,4.574,24.52,16.486,20.611,28.731,13.739,16.609
2020-02-10,12.03,0.3,4.468,22.14,15.771,20.594,27.58,12.702,15.788
2020-02-11,10.95,0.04,5.248,16.05,14.149,20.223,26.074,11.332,15.084
2020-02-12,9.64,0.21,4.577,14.34,12.49,19.633,24.449,9.96,14.48
2020-02-13,9.37,0.0,3.758,13.36,10.902,19.245,22.888,8.721,13.96
2020-02-14,8.99,0.0,3.254,12.64,9.478,18.929,21.482,7.651,13.512
2020-02-15,8.4,0.07,3.606,12.1,8.278,18.625,20.253,6.748,13.123
2020-02-16,7.78,0.17,3.609,11.66,7.31,18.331,19.189,5.987,12.785
2020-02-17,7.29,0.11,4.448,11.29,6.508,18.048,18.261,5.344,12.487
2020-02-18,6.97,2.8,4.29,11.06,6.792,17.774,17.721,4.955,12.226
2020-02-19,7.24,1.19,3.943,10.87,6.951,17.509,17.123,4.543,11.995
2020-02-20,8.07,0.97,3.607,10.53,6.899,17.253,16.511,4.148,11.79
2020-02-21,7.19,0.29,3.562,10.22,6.556,17.005,15.866,3.788,11.604
2020-02-22,6.47,0.12,3.763,9.99,6.053,16.766,15.224,3.468,11.436
2020-02-23,6.34,0.0,3.811,9.79,5.484,16.533,14.602,3.187,11.281
2020-02-24,6.04,0.22,3.703,14.57,4.996,16.308,14.013,2.94,11.138
2020-02-25,12.24,46.6,4.222,73.84,21.052,19.844,91.793,66.985,39.118
2020-02-26,61.1,42.22,4.334,96.06,43.882,46.775,180.542,145.186,97.085
2020-02-27,79.41,0.04,4.347,54.92,51.541,100.706,204.085,159.498,117.927
2020-02-28,45.45,0.13,4.667,30.01,50.839,87.023,197.119,147.355,101.196
2020-02-29,24.74,0.01,4.25,22.65,45.201,54.671,174.612,126.419,87.092
2020-03-01,19.58,0.0,4.153,19.12,39.23,45.945,147.885,104.5,75.197
2020-03-02,17.37,0.46,4.251,17.06,33.754,44.016,123.062,84.718,65.166
2020-03-03,14.1,0.34,4.637,15.68,28.917,42.259,102.527,68.025,56.704
2020-03-04,12.3,2.61,4.08,14.68,25.546,40.646,86.844,54.586,49.569
2020-03-05,10.66,0.0,4.038,13.9,22.141,39.16,75.009,43.791,43.549
2020-03-06,10.2,0.0,4.087,13.26,18.992,37.782,66.254,35.236,38.469
2020-03-07,9.13,0.32,4.329,12.78,16.386,36.497,59.779,28.511,34.18
2020-03-08,8.52,1.22,4.306,12.33,14.559,35.299,54.974,23.258,30.559
2020-03-09,8.88,0.0,4.051,11.89,12.787,34.179,51.256,19.152,27.5
2020-03-10,9.94,0.0,4.165,11.51,11.169,33.13,48.289,15.938,24.914
2020-03-11,9.01,0.0,3.988,11.17,9.785,32.145,45.832,13.417,22.726
2020-03-12,8.61,0.0,3.723,10.87,8.622,31.218,43.724,11.431,20.873
2020-03-13,7.54,0.01,3.684,10.6,7.657,30.344,41.859,9.86,19.303
2020-03-14,7.12,0.0,3.652,10.35,6.846,29.519,40.166,8.607,17.971
2020-03-15,7.05,0.1,4.201,10.12,6.214,28.74,38.6,7.598,16.839
2020-03-16,6.85,0.38,3.712,9.91,5.808,28.002,37.137,6.775,15.876
2020-03-17,7.06,0.13,3.359,9.72,5.441,27.303,35.749,6.097,15.054
2020-03-18,6.78,17.59,3.681,20.64,11.278,26.942,45.557,15.858,16.653
2020-03-19,7.35,0.53,4.248,20.86,13.226,27.494,47.851,18.311,17.999
2020-03-20,7.77,0.01,4.146,13.2,12.729,26.818,47.139,17.589,16.835
2020-03-21,8.13,0.0,3.516,11.29,11.463,25.534,44.636,15.709,15.848
2020-03-22,7.38,0.0,3.049,10.42,10.084,24.8,41.47,13.581,15.008
2020-03-23,6.77,0.0,3.279,9.92,8.935,24.256,38.323,11.586,14.29
2020-03-24,6.45,0.03,2.608,9.58,7.903,23.737,35.502,9.852,13.677
2020-03-25,6.24,0.0,3.883,9.32,6.993,23.242,33.092,8.403,13.15
2020-03-26,6.17,0.01,3.751,9.12,6.214,22.768,31.067,7.206,12.696
2020-03-27,6.29,0.0,3.767,8.96,5.552,22.314,29.361,6.225,12.302
2020-03-28,6.02,0.0,3.451,8.81,4.995,21.879,27.902,5.418,11.96
2020-03-29,5.42,3.62,3.098,13.65,5.803,21.464,27.1,5.066,11.664
2020-03-30,5.52,3.87,3.3,12.55,7.22,21.074,26.652,4.977,11.407
2020-03-31,5.62,2.55,3.216,11.18,8.212,20.7,26.044,4.741,11.183
2020-04-01,6.86,0.24,3.025,10.13,8.104,20.325,25.132,4.333,10.985
2020-04-02,,0.66,2.937,9.48,7.711,19.963,24.111,3.89,10.809
2020-04-03,,0.72,3.077,9.22,7.311,19.62,23.072,3.475,10.651
2020-04-04,,0.0,2.835,8.67,6.677,19.29,22.053,3.108,10.508
2020-04-05,4.26,0.0,3.031,8.43,5.993,18.973,21.091,2.791,10.377
2020-04-06,4.54,16.44,3.057,21.65,11.167,18.917,29.918,11.098,12.078
2020-04-07,6.88,0.2,3.092,21.49,12.65,19.585,32.19,13.249,13.509
2020-04-08,7.14,0.0,2.935,12.52,11.952,19.243,31.855,12.741,12.89
2020-04-09,6.84,0.0,2.534,10.42,10.749,18.332,29.965,11.254,12.361
2020-04-10,5.08,0.0,2.575,9.5,9.463,17.905,27.501,9.55,11.909
2020-04-11,4.56,0.0,3.704,8.99,8.252,17.636,25.052,7.947,11.518
2020-04-12,4.28,0.0,3.467,8.67,7.119,17.375,22.884,6.55,11.178
2020-04-13,4.0,0.0,3.621,8.95,6.2,17.123,21.069,5.389,10.881
2020-04-14,5.43,18.79,2.989,22.6,12.059,17.494,32.285,15.769,14.636
2020-04-15,6.46,0.0,2.451,21.55,13.658,19.635,35.122,18.18,17.802
2020-04-16,6.66,0.0,2.537,12.44,12.84,19.273,34.684,17.191,16.457
2020-04-17,5.96,0.0,3.093,10.37,11.485,17.454,32.303,15.0,15.318
2020-04-18,5.08,0.0,2.802,9.45,10.049,16.837,29.229,12.588,14.352
2020-04-19,4.67,0.0,2.876,8.94,8.701,16.6,26.208,10.359,13.529
2020-04-20,4.27,0.0,3.219,8.61,7.504,16.372,23.572,8.447,12.827
2020-04-21,4.36,0.0,2.421,8.38,6.475,16.151,21.406,6.866,12.226
2020-04-22,4.3,0.0,2.966,8.2,5.606,15.937,19.67,5.585,11.711
2020-04-23,4.05,0.0,2.611,8.06,4.87,15.73,18.286,4.556,11.268
2020-04-24,4.22,0.0,2.922,7.94,4.263,15.529,17.169,3.734,10.885
2020-04-25,4.99,0.0,2.683,7.84,3.768,15.334,16.246,3.083,10.553
2020-04-26,6.09,0.0,2.838,7.75,3.372,15.145,15.462,2.568,10.264
2020-04-27,5.66,0.0,2.761,7.67,3.047,14.961,14.777,2.16,10.011
2020-04-28,4.97,0.01,2.533,7.59,2.786,14.782,14.163,1.835,9.789
2020-04-29,5.14,0.21,2.876,7.52,2.648,14.608,13.601,1.575,9.591
2020-04-30,5.36,0.11,2.694,7.46,2.537,14.439,13.078,1.366,9.416
2020-05-01,5.35,2.98,2.525,9.24,3.405,14.275,12.903,1.38,9.26
2020-05-02,5.44,0.12,2.648,9.06,3.685,14.12,12.537,1.291,9.12
2020-05-03,5.29,0.0,2.378,7.86,3.55,13.964,12.103,1.17,8.992
2020-05-04,4.83,0.0,2.124,7.55,3.311,13.808,11.636,1.046,8.875
2020-05-05,4.28,1.83,1.965,8.1,3.702,13.659,11.286,0.976,8.769
2020-05-06,4.17,3.23,2.458,8.23,4.821,13.517,11.244,1.113,8.672
2020-05-07,4.34,0.0,2.668,7.65,4.964,13.382,10.937,1.086,8.582
2020-05-08,4.07,0.0,2.213,7.32,4.639,13.245,10.532,0.997,8.497
2020-05-09,3.93,0.01,2.596,7.19,4.161,13.106,10.082,0.892,8.416
2020-05-10,4.08,0.0,2.232,7.1,3.752,12.974,9.629,0.791,8.338
2020-05-11,4.01,0.0,2.535,7.03,3.373,12.847,9.196,0.7,8.264
2020-05-12,3.98,0.56,2.525,7.77,3.237,12.722,8.805,0.621,8.192
2020-05-13,4.35,12.09,2.319,13.84,7.286,12.693,13.694,4.92,8.124
2020-05-14,5.06,0.21,2.397,13.24,8.556,12.926,15.029,6.045,8.059
2020-05-15,5.4,0.0,2.303,9.01,8.17,12.79,14.945,5.817,7.997
2020-05-16,5.53,0.0,1.874,7.98,7.379,12.421,14.014,5.092,7.938
2020-05-17,5.36,0.0,2.135,7.53,6.506,12.248,12.765,4.256,7.881
2020-05-18,5.1,0.02,2.213,7.27,5.68,12.137,11.52,3.473,7.826
2020-05-19,5.06,0.01,1.955,7.11,4.94,12.028,10.423,2.798,7.771
2020-05-20,4.91,0.0,1.041,6.99,4.294,11.922,9.513,2.241,7.718
2020-05-21,5.0,0.01,1.799,6.9,3.748,11.818,8.778,1.792,7.664
2020-05-22,8.54,58.95,2.241,53.39,24.108,19.801,133.69,99.138,48.713
2020-05-23,32.83,0.58,1.764,52.16,30.985,54.018,173.268,125.66,83.372
2020-05-24,26.2,0.06,1.898,21.86,29.882,52.195,178.521,121.719,71.545
2020-05-25,15.05,0.01,2.195,15.05,26.766,29.736,163.132,106.507,61.576
2020-05-26,9.58,0.0,1.915,12.16,23.151,23.982,139.829,88.707,53.173
2020-05-27,6.58,0.0,2.443,10.64,19.65,23.459,116.288,71.961,46.09
2020-05-28,6.04,0.02,2.168,9.72,16.492,22.956,95.997,57.546,40.119
2020-05-29,5.69,0.0,2.061,9.12,13.741,22.477,79.919,45.688,35.085
2020-05-30,5.14,0.0,1.857,8.7,11.4,22.023,67.777,36.179,30.84
2020-05-31,5.23,0.05,2.264,8.39,9.458,21.593,58.84,28.668,27.261
2020-06-01,4.91,3.79,1.923,9.94,9.194,21.397,52.831,23.171,24.244
2020-06-02,5.25,2.13,2.104,9.87,9.083,21.847,48.361,18.803,21.701
2020-06-03,5.66,0.04,1.935,8.64,8.221,21.45,44.836,15.288,19.558
2020-06-04,5.87,4.79,1.753,10.31,8.832,20.919,42.818,13.17,17.752
2020-06-05,5.78,5.6,1.771,33.26,10.359,22.342,41.852,12.17,16.23
2020-06-06,9.23,22.15,1.571,30.07,17.878,28.532,57.905,28.4,29.519
2020-06-07,12.96,0.0,1.907,15.16,19.407,45.783,61.749,32.04,40.747
2020-06-08,9.87,0.22,1.488,11.82,17.975,42.906,60.708,30.313,35.667
2020-06-09,8.43,37.44,2.005,56.43,33.91,43.23,107.348,78.426,60.637
2020-06-10,33.64,40.88,1.766,99.07,86.644,117.674,178.847,158.633,117.191
2020-06-11,163.19,29.33,1.94,139.91,144.702,249.154,226.559,217.471,160.545
2020-06-12,230.39,0.17,1.595,104.01,157.558,315.745,228.916,217.254,161.727
2020-06-13,139.56,3.21,1.738,61.79,147.456,238.729,210.716,194.606,137.985
2020-06-14,80.26,0.19,1.826,51.59,131.14,183.285,183.876,165.603,117.986
2020-06-15,53.76,0.04,1.579,45.16,114.372,155.589,156.668,137.528,101.101
2020-06-16,43.03,0.0,1.589,41.53,98.56,137.192,132.972,113.1,86.884
2020-06-17,38.25,0.07,1.693,38.71,84.748,122.963,113.938,92.935,74.915
2020-06-18,32.67,0.0,1.027,36.28,72.78,111.442,99.321,76.771,64.841
2020-06-19,27.83,0.01,1.344,34.11,62.577,101.788,88.335,64.053,56.366
2020-06-20,23.56,0.0,1.653,32.13,53.962,93.581,80.107,54.151,49.236
2020-06-21,20.11,0.0,1.99,30.32,46.734,86.512,73.872,46.49,43.24
2020-06-22,17.68,0.0,1.857,28.65,40.694,80.363,69.031,40.578,38.197
2020-06-23,15.41,0.0,2.007,27.11,35.654,74.98,65.148,36.025,33.956
2020-06-24,14.22,0.0,1.802,25.69,31.45,70.237,61.915,32.515,30.392
2020-06-25,13.95,18.62,1.718,58.42,34.514,70.763,71.602,46.787,32.411
2020-06-26,22.52,0.3,1.476,59.23,33.897,86.437,73.105,49.662,34.134
2020-06-27,35.05,12.05,1.661,53.98,39.94,85.219,76.627,55.29,38.95
2020-06-28,37.41,0.24,1.782,48.05,42.652,89.954,74.699,53.976,43.037
2020-06-29,33.26,1.21,1.917,39.09,42.357,82.62,70.724,50.055,38.154
2020-06-30,29.83,24.28,1.959,87.36,62.658,82.041,87.149,76.478,52.249
2020-07-01,73.43,0.15,1.713,85.43,73.17,120.762,89.186,81.178,64.17
2020-07-02,68.68,0.0,1.621,52.45,69.524,112.021,85.878,76.77,56.062
2020-07-03,49.47,0.0,1.751,44.89,62.557,89.619,79.66,69.371,49.242
2020-07-04,36.95,0.0,1.439,41.22,55.376,79.952,72.652,61.67,43.506
2020-07-05,30.36,0.0,1.517,40.27,48.556,74.714,66.063,54.738,38.685
2020-07-06,36.19,14.75,1.354,74.29,50.865,75.291,68.207,60.717,39.627
2020-07-07,,5.0,1.764,75.44,54.853,94.21,66.905,60.76,43.377
2020-07-08,60.89,11.05,1.827,76.26,63.365,99.255,68.105,64.335,49.936
2020-07-09,68.31,0.0,1.467,68.05,64.504,105.215,65.472,61.932,52.564
2020-07-10,57.96,0.0,1.631,52.35,60.505,94.097,61.516,57.398,46.443
2020-07-11,45.92,2.5,1.773,51.92,55.031,81.25,57.371,52.784,41.298
2020-07-12,40.03,0.3,2.303,47.88,49.437,75.835,53.274,48.473,36.975
2020-07-13,36.36,4.18,2.488,49.77,45.525,71.849,50.218,45.54,33.345
2020-07-14,36.31,0.58,2.165,47.82,41.389,69.847,47.243,42.703,30.297
2020-07-15,37.64,0.0,1.634,41.69,37.171,65.795,44.559,40.178,27.741
2020-07-16,32.51,0.0,2.167,38.86,33.321,61.263,42.165,38.035,25.598
2020-07-17,29.76,7.88,2.217,57.34,32.727,59.477,42.275,39.38,23.803
2020-07-18,36.02,0.07,1.643,57.0,30.779,63.158,41.103,38.886,22.301
2020-07-19,38.11,0.08,1.883,41.81,28.198,59.985,39.515,37.644,21.046
2020-07-20,33.13,0.0,2.115,37.3,25.631,54.459,37.716,36.213,19.998
2020-07-21,28.47,0.0,2.159,34.71,23.364,51.273,35.899,34.823,19.125
2020-07-22,25.27,0.0,1.934,32.73,21.289,48.959,34.176,33.556,18.396
2020-07-23,23.15,0.0,2.117,31.03,19.568,46.838,32.59,32.431,17.787
2020-07-24,21.5,0.0,2.054,29.5,18.076,44.889,31.143,31.431,17.278
2020-07-25,19.94,0.13,2.314,28.1,16.643,43.093,29.823,30.535,16.851
2020-07-26,19.21,0.0,2.394,26.79,15.593,41.433,28.609,29.718,16.494
2020-07-27,18.45,0.0,1.876,25.57,14.667,39.896,27.48,28.959,16.194
2020-07-28,18.21,8.7,2.345,36.51,16.928,39.087,29.144,31.573,15.946
2020-07-29,18.69,1.57,2.471,35.56,17.812,40.191,29.102,31.978,15.741
2020-07-30,20.97,0.0,2.101,27.06,17.244,38.786,28.303,31.339,15.571
2020-07-31,20.01,0.0,2.026,24.58,16.171,36.317,27.075,30.307,15.432
2020-08-01,18.55,0.0,1.935,23.11,15.09,34.86,25.699,29.183,15.317
2020-08-02,16.93,0.0,2.209,21.99,14.014,33.768,24.346,28.093,15.219
2020-08-03,14.71,0.0,2.344,21.03,13.121,32.744,23.095,27.076,15.134
2020-08-04,14.39,0.0,2.657,20.16,12.325,31.781,21.968,26.14,15.06
2020-08-05,14.89,0.01,2.575,19.35,11.619,30.874,20.957,25.272,14.993
2020-08-06,14.37,0.0,2.62,18.61,11.008,30.019,20.047,24.464,14.933
2020-08-07,12.72,0.0,2.744,17.91,10.461,29.212,19.216,23.704,14.876
2020-08-08,12.56,0.01,2.753,17.26,9.998,28.449,18.45,22.981,14.823
2020-08-09,11.45,0.0,2.573,16.65,9.593,27.726,17.736,22.286,14.772
2020-08-10,10.56,0.01,2.628,16.08,9.239,27.04,17.062,21.615,14.721
2020-08-11,10.26,0.0,3.299,15.55,8.899,26.39,16.424,20.964,14.671
2020-08-12,9.73,3.74,3.066,57.11,9.943,25.778,16.318,20.738,14.624
2020-08-13,24.38,43.76,2.701,90.72,25.607,30.53,84.956,90.179,42.099
2020-08-14,67.64,4.24,2.684,93.97,32.886,52.575,107.104,109.797,66.703
2020-08-15,119.62,28.65,2.33,84.21,66.3,62.351,139.384,143.998,90.116
2020-08-16,137.77,5.6,2.588,62.71,86.379,94.082,141.085,144.904,111.212
2020-08-17,95.48,1.12,2.314,44.89,85.589,92.173,129.499,131.275,98.888
2020-08-18,67.17,27.25,2.707,98.73,107.777,81.975,139.28,150.99,117.501
2020-08-19,128.58,10.58,3.532,103.82,124.992,134.744,134.618,150.978,139.617
2020-08-20,127.5,1.26,2.953,66.25,121.001,144.715,122.159,136.794,126.583
2020-08-21,92.23,0.2,2.973,54.56,109.728,114.223,107.116,118.69,109.221
2020-08-22,70.0,0.0,2.888,49.72,96.307,94.869,92.517,101.143,94.592
2020-08-23,56.65,0.0,3.522,46.41,83.81,86.333,79.919,85.812,82.268
2020-08-24,49.35,0.0,3.374,43.65,72.708,80.178,69.763,73.06,71.881
2020-08-25,44.23,0.0,3.677,41.16,63.093,74.777,61.881,62.734,63.125
2020-08-26,40.56,0.0,2.336,38.86,54.894,70.021,55.864,54.482,55.744
2020-08-27,37.48,0.0,2.361,36.7,47.97,65.82,51.265,47.954,49.523
2020-08-28,34.29,0.0,3.367,34.69,42.155,62.083,47.697,42.8,44.277
2020-08-29,31.54,0.0,3.267,32.81,37.289,58.733,44.856,38.707,39.853
2020-08-30,30.82,0.01,3.578,31.06,33.225,55.714,42.518,35.438,36.119
2020-08-31,29.12,0.0,2.415,29.43,29.825,52.985,40.526,32.8,32.968
2020-09-01,27.04,0.02,2.812,27.91,26.983,50.506,38.774,30.661,30.309
2020-09-02,25.53,0.01,3.585,26.49,24.596,48.247,37.193,28.899,28.061
2020-09-03,23.36,0.45,3.699,25.21,22.738,46.178,35.742,27.413,26.16
2020-09-04,20.69,0.01,2.971,23.99,21.085,44.279,34.381,26.139,24.551
2020-09-05,18.78,0.0,2.682,22.82,19.622,42.528,33.092,25.03,23.188
2020-09-06,17.57,0.0,3.242,21.76,18.341,40.91,31.864,24.05,22.03
2020-09-07,16.64,0.0,3.607,20.78,17.104,39.411,30.689,23.162,21.045
2020-09-08,15.43,0.0,2.152,19.86,16.155,38.019,29.562,22.338,20.207
2020-09-09,16.33,0.0,2.086,19.02,15.081,36.722,28.479,21.579,19.493
2020-09-10,15.56,0.0,2.283,18.24,14.39,35.511,27.439,20.87,18.882
2020-09-11,15.03,0.0,2.848,17.52,13.804,34.379,26.437,20.2,18.356
2020-09-12,15.37,0.0,2.038,16.86,13.037,33.318,25.473,19.555,17.904
2020-09-13,13.91,0.0,1.992,16.24,12.54,32.321,24.544,18.936,17.514
2020-09-14,12.3,0.0,1.962,15.67,12.157,31.384,23.649,18.341,17.175
2020-09-15,12.51,0.0,2.445,15.15,11.803,30.501,22.788,17.766,16.878
2020-09-16,12.04,1.04,2.539,15.29,11.838,29.668,21.996,17.208,16.618
2020-09-17,12.54,11.96,2.758,31.97,15.875,28.998,26.352,21.988,16.391
2020-09-18,15.35,0.16,2.787,31.54,17.054,28.712,27.226,23.029,16.192
2020-09-19,15.06,0.0,3.085,19.67,16.569,27.975,26.71,22.403,16.017
2020-09-20,13.4,0.0,2.956,16.7,15.667,27.034,25.371,21.153,15.862
2020-09-21,12.08,0.02,3.903,15.31,14.68,26.324,23.731,19.755,15.719
2020-09-22,11.31,0.0,3.188,14.45,13.719,25.709,22.107,18.404,15.585
2020-09-23,10.79,0.0,2.984,13.84,12.838,25.123,20.641,17.175,15.46
2020-09-24,10.44,0.0,2.49,13.35,12.053,24.564,19.371,16.084,15.342
2020-09-25,10.49,0.0,2.794,12.94,11.366,24.032,18.285,15.124,15.229
2020-09-26,9.9,0.0,3.28,12.58,10.769,23.523,17.353,14.276,15.12
2020-09-27,8.34,7.23,3.562,36.69,12.806,23.061,18.419,15.25,15.018
2020-09-28,10.29,26.44,2.46,54.24,22.56,24.39,43.469,40.145,29.677
2020-09-29,19.49,0.0,2.614,36.76,25.229,30.658,50.932,46.595,42.05
2020-09-30,17.74,0.88,1.728,22.54,24.459,29.781,51.267,45.039,37.741
2020-10-01,13.53,0.03,2.206,18.39,22.584,25.233,47.353,40.563,34.102
2020-10-02,10.98,0.0,3.089,16.22,20.402,23.763,41.864,35.446,31.028
2020-10-03,9.16,5.46,3.344,17.51,20.213,23.453,37.464,31.633,28.431
2020-10-04,8.75,0.27,3.637,16.96,19.044,23.721,33.068,27.768,26.235
2020-10-05,9.07,0.0,3.139,14.59,17.319,23.221,29.297,24.277,24.376
2020-10-06,8.0,0.0,2.796,13.64,15.617,22.318,26.202,21.299,22.798
2020-10-07,7.93,0.59,2.954,13.09,14.29,21.777,23.746,18.829,21.458
2020-10-08,9.27,21.93,3.187,36.49,20.77,23.233,39.113,34.621,27.003
2020-10-09,16.21,13.0,3.534,47.07,26.839,32.143,49.174,44.769,40.266
2020-10-10,21.7,0.33,3.335,31.79,27.199,38.894,50.657,44.891,44.786
2020-10-11,20.17,0.0,3.345,20.23,25.143,33.504,47.833,41.052,40.023
2020-10-12,14.68,0.0,3.306,16.97,22.517,27.428,43.063,36.108,36.005
2020-10-13,10.72,0.0,3.152,15.31,19.956,25.75,37.98,31.285,32.612
2020-10-14,8.76,1.05,3.202,14.27,17.987,25.144,33.447,27.043,29.745
2020-10-15,8.11,1.13,2.79,13.54,16.461,24.576,29.725,23.497,27.322
2020-10-16,7.85,0.01,2.399,12.96,14.831,24.04,26.749,20.6,25.272
2020-10-17,7.47,0.0,2.926,12.5,13.288,23.528,24.418,18.261,23.536
2020-10-18,6.84,0.0,3.616,12.1,11.942,23.039,22.591,16.375,22.061
2020-10-19,5.78,0.02,3.379,11.75,10.805,22.571,21.138,14.846,20.808
2020-10-20,5.8,0.1,4.234,11.44,9.885,22.124,19.954,13.599,19.739
2020-10-21,5.82,0.0,3.429,11.17,9.1,21.696,18.961,12.566,18.827
2020-10-22,5.71,0.0,4.43,10.92,8.415,21.286,18.101,11.702,18.045
2020-10-23,5.73,0.03,4.211,10.69,7.796,20.893,17.336,10.961,17.372
2020-10-24,5.72,5.16,3.742,14.77,9.185,20.531,17.596,11.122,16.796
2020-10-25,5.73,0.92,2.776,15.54,9.76,20.229,17.285,10.795,16.302
2020-10-26,5.84,0.15,3.053,12.21,9.541,19.877,16.732,10.281,15.873
2020-10-27,6.13,0.69,3.46,11.03,9.282,19.501,16.06,9.718,15.5
2020-10-28,5.82,0.0,3.945,10.47,8.788,19.167,15.339,9.168,15.171
2020-10-29,5.48,1.66,4.449,15.69,8.833,18.854,14.731,8.684,14.88
2020-10-30,5.57,10.12,4.063,17.43,12.094,18.621,17.78,11.62,14.626
2020-10-31,5.82,1.13,4.196,13.35,13.221,18.594,18.393,12.169,14.402
2020-11-01,5.56,0.01,4.029,11.13,12.726,18.297,17.998,11.671,14.203
2020-11-02,5.23,0.0,3.421,10.37,11.711,17.851,17.02,10.793,14.022
2020-11-03,5.26,3.91,4.659,13.76,12.046,17.544,16.387,10.239,13.858
2020-11-04,5.14,0.16,3.57,13.57,11.624,17.287,15.402,9.453,13.706
2020-11-05,5.13,0.0,4.021,10.76,10.737,17.038,14.389,8.634,13.564
2020-11-06,5.0,0.0,3.954,9.97,9.807,16.797,13.435,7.863,13.428
2020-11-07,4.96,0.0,4.07,9.57,8.946,16.564,12.583,7.169,13.298
2020-11-08,4.9,0.37,5.016,9.55,8.313,16.338,11.848,6.553,13.173
2020-11-09,4.56,7.84,3.88,17.88,10.469,16.137,13.422,7.88,13.055
2020-11-10,5.82,4.45,3.652,20.81,12.421,16.001,14.286,8.462,12.945
2020-11-11,13.17,19.61,4.272,32.49,19.279,16.448,27.964,20.828,20.748
2020-11-12,15.68,1.55,4.919,29.56,21.316,18.631,31.797,23.763,27.33
2020-11-13,17.52,0.15,5.111,16.76,20.253,18.268,31.561,22.618,24.974
2020-11-14,13.63,0.18,4.457,13.15,18.376,16.41,28.999,20.007,22.978
2020-11-15,9.49,25.76,4.836,41.15,25.407,17.714,49.517,39.393,29.945
2020-11-16,11.44,1.89,4.991,40.63,27.185,25.001,53.97,43.001,35.826
2020-11-17,9.95,0.37,4.158,20.62,25.395,24.397,52.258,39.956,32.132
2020-11-18,9.57,10.02,4.592,27.05,26.158,19.849,50.733,38.156,29.011
2020-11-19,13.49,15.38,5.271,43.22,29.929,22.715,54.232,42.17,34.217
2020-11-20,21.7,0.22,5.35,36.2,29.054,29.226,51.299,39.502,38.614
2020-11-21,25.24,2.79,4.652,22.98,27.022,26.898,46.64,34.676,34.486
2020-11-22,24.19,0.22,4.96,18.1,24.121,21.772,41.184,29.392,31.002
2020-11-23,17.42,0.07,5.967,14.73,21.003,20.349,36.01,24.514,28.054
2020-11-24,12.54,0.0,4.974,13.19,18.072,19.97,31.584,20.329,25.558
2020-11-25,9.77,0.0,3.865,12.24,15.524,19.614,28.015,16.872,23.443
2020-11-26,7.79,3.1,4.462,16.36,14.448,19.28,25.57,14.306,21.653
2020-11-27,8.24,18.19,4.407,35.31,19.423,19.924,35.426,23.615,22.321
2020-11-28,11.99,8.95,4.534,38.54,23.193,23.94,40.439,27.877,26.887
2020-11-29,18.08,12.45,4.513,38.91,27.001,27.01,46.091,32.532,35.756
2020-11-30,28.57,3.58,4.859,34.55,27.55,29.53,45.879,31.6,39.243
2020-12-01,24.7,0.46,5.122,22.51,25.484,26.952,42.774,28.224,34.994
2020-12-02,17.69,1.31,5.314,19.43,22.989,22.906,38.6,24.286,31.409
2020-12-03,38.67,25.81,4.701,41.21,29.264,25.451,58.333,44.629,38.509
2020-12-04,88.46,4.16,3.539,45.7,31.039,40.574,62.841,48.727,45.072
2020-12-05,82.17,33.01,4.341,55.13,53.987,49.709,100.265,86.901,66.49
2020-12-06,104.63,7.11,4.831,58.1,70.077,84.12,109.278,94.893,86.086
2020-12-07,84.48,0.66,4.941,38.92,68.711,82.459,105.212,88.143,76.657
2020-12-08,71.04,1.73,4.436,27.11,62.845,58.887,94.585,76.517,66.649
2020-12-09,52.51,0.27,4.177,22.37,55.456,49.647,82.008,64.31,58.217
2020-12-10,41.62,0.11,3.759,19.4,48.172,47.013,70.23,53.274,51.108
2020-12-11,33.35,1.11,4.147,17.73,42.027,45.011,60.402,43.961,45.115
2020-12-12,28.88,0.86,4.553,16.56,36.746,43.182,52.658,36.369,40.06
2020-12-13,29.05,1.47,4.227,18.56,32.425,41.501,46.8,30.321,35.797
2020-12-14,30.01,5.07,4.964,22.72,30.145,39.963,43.254,26.391,32.205
2020-12-15,40.08,24.77,4.631,75.69,35.916,42.35,62.219,46.71,37.222
2020-12-16,71.75,1.06,5.524,76.68,36.104,56.444,66.686,50.487,41.466
2020-12-17,56.32,4.92,5.293,41.47,34.766,54.048,66.321,48.153,37.018
2020-12-18,57.12,0.29,5.517,31.9,31.78,44.846,62.024,42.898,33.272
2020-12-19,64.64,9.85,5.475,34.79,31.656,42.148,59.822,40.893,30.116
2020-12-20,94.97,24.45,4.648,63.31,44.777,48.746,76.774,60.732,40.256
2020-12-21,175.15,0.17,3.388,57.98,50.913,69.051,78.787,62.88,48.828
2020-12-22,128.96,0.01,3.333,34.68,49.453,64.526,75.185,57.827,43.282
2020-12-23,86.11,0.24,4.339,28.22,44.167,51.806,68.624,50.573,38.612
2020-12-24,63.49,0.01,4.287,25.02,38.871,47.231,61.356,43.284,34.674
2020-12-25,49.78,0.0,5.293,22.91,34.023,45.218,54.643,36.796,31.349
2020-12-26,40.63,0.0,4.845,21.28,29.751,43.374,48.974,31.326,28.542
2020-12-27,35.16,0.07,5.334,19.91,26.084,41.68,44.403,26.847,26.169
2020-12-28,31.36,3.29,5.119,23.62,24.034,40.119,41.175,23.527,24.166
2020-12-29,33.34,7.19,5.324,28.92,24.319,38.76,40.291,22.568,22.478
2020-12-30,50.86,1.41,5.314,25.03,23.214,37.751,38.668,20.798,21.051
2020-12-31,47.4,10.28,4.65,19.47,24.898,36.781,40.625,22.758,19.849
